Symbol,5 Day,20 Day,50 Day,100 Day,200 Day,Ratio
A,-2.05,-6.23,-8.42,-5.44,-15.29,0.0211
AA,-5.42,-0.52,-4.18,-17.41,-28.62,0.0058
AAL,2.88,-19.13,-30.24,-9.34,-6.13,0.0021
AAOI,4.57,-14.84,-28.62,28.45,112.69,0.0039
AAON,-0.52,-12.77,-27.83,-24.0,7.53,0.0145
AAP,0.35,-6.25,-12.23,6.31,-48.85,0.0067
AAPL,1.52,-7.07,-6.41,-3.71,4.95,0.0383
AB,-0.01,5.28,9.23,5.34,12.45,0.0066
ABBV,-4.1,6.1,20.83,13.1,23.47,0.0363
ABNB,0.64,-6.75,1.8,-2.84,-20.74,0.0225
ABR,-1.63,12.11,-3.51,-13.03,-11.16,0.0021
ABSI,-5.06,-27.12,-1.18,-23.13,-37.74,0.0005
ABT,-1.97,-2.13,14.47,12.66,15.88,0.0221
ABUS,1.72,5.1,3.74,-13.91,-7.5,0.0006
ACAD,-1.45,-7.95,0.44,20.85,2.52,0.003
ACB,2.47,-14.93,5.94,-22.24,-31.41,0.0008
ACCO,-4.69,6.15,-9.16,-4.32,-18.24,0.0008
ACGL,-2.96,8.59,4.0,-5.41,-10.98,0.0163
ACHC,-3.29,-25.24,-33.31,-42.43,-67.72,0.005
ACHR,5.83,10.55,-12.24,188.76,165.77,0.0015
ACI,-6.78,5.42,7.97,15.29,-4.82,0.0036
ACLX,-1.99,18.63,2.85,-13.33,31.17,0.0126
ACM,-1.39,3.74,-8.17,-7.38,4.42,0.0166
ACMR,-9.1,21.7,82.56,42.81,25.66,0.0048
ACN,-7.32,-11.98,-11.58,-14.16,-1.46,0.0533
ACVA,2.45,-8.0,-25.03,-12.12,-21.66,0.0027
ADBE,-2.85,-7.63,-3.44,-17.75,-21.02,0.0684
ADC,-3.51,7.79,11.94,3.35,18.18,0.0131
ADEA,-1.7,-14.67,4.95,15.89,11.12,0.0024
ADI,-1.32,-6.41,-0.71,-6.25,-15.77,0.0368
ADM,-5.92,-1.5,-4.27,-16.41,-32.52,0.008
ADMA,7.21,34.53,12.03,29.22,92.39,0.0035
ADNT,-2.27,-14.95,-15.43,-32.48,-59.37,0.0024
ADP,-0.85,-0.15,5.49,5.59,15.28,0.0518
ADPT,13.23,6.46,31.99,95.3,146.46,0.0015
ADSK,1.66,-2.03,-6.62,-5.19,17.98,0.0467
ADT,5.39,13.9,18.33,4.77,5.86,0.0014
ADTN,1.09,-7.77,-7.56,50.62,65.31,0.0016
AEE,-3.54,4.29,14.07,14.89,29.4,0.0171
AEG,0.05,12.4,14.07,5.9,2.85,0.0012
AEM,-2.67,10.47,27.52,20.61,52.01,0.0181
AEO,4.11,-4.88,-19.87,-34.77,-48.94,0.0022
AEP,-3.22,1.62,16.52,8.84,9.55,0.0181
AER,-0.63,5.62,10.33,9.59,4.09,0.018
AES,-2.93,23.75,8.06,-21.34,-43.83,0.0022
AESI,1.26,-6.4,-11.93,-4.61,-21.72,0.0032
AEVA,67.66,27.69,7.18,17.74,44.4,0.0008
AFL,-0.48,8.95,9.01,1.62,17.41,0.019
AFRM,7.92,-17.4,-7.9,29.79,65.32,0.0091
AG,-3.46,26.36,20.91,-8.49,-4.16,0.0012
AGCO,-2.04,1.93,8.05,-4.21,-16.63,0.0165
AGI,-2.25,14.39,35.34,24.29,48.27,0.0045
AGL,5.04,26.68,107.11,74.34,-36.63,0.0008
AGNC,-3.75,1.3,14.19,9.19,7.24,0.0018
AHCO,5.04,25.13,5.42,-1.74,2.96,0.0018
AHH,1.64,-7.73,-17.01,-26.17,-35.15,0.0014
AHR,0.83,13.33,10.03,19.45,102.36,0.0053
AI,5.44,-9.01,-26.91,-6.38,-29.83,0.0041
AIFF,-10.62,-28.78,104.24,32.92,-41.77,0.0008
AIG,-1.27,11.29,20.99,11.44,3.21,0.0146
AIOT,2.22,-11.81,6.57,22.27,20.98,0.0011
AISP,9.4,-2.41,2.11,130.65,17.89,0.0008
AIV,-2.43,0.92,10.68,7.72,7.82,0.0015
AJG,0.96,6.6,21.05,20.49,24.41,0.0585
AKAM,-1.65,10.2,-8.8,-18.13,-18.1,0.0144
AKR,-2.28,-3.28,-3.24,-9.08,17.96,0.0037
AKRO,-1.05,-5.51,74.87,54.4,125.55,0.0078
AL,4.69,8.37,7.78,12.73,-0.45,0.0086
ALAB,0.77,-9.22,-41.03,2.23,11.54,0.0128
ALB,-3.89,-0.15,-8.2,-15.57,-42.27,0.0134
ALC,1.14,7.02,12.87,-1.32,-6.85,0.016
ALGM,-0.7,12.32,17.37,18.71,-15.14,0.0047
ALGN,-1.17,-7.07,-18.35,-21.61,-40.55,0.0295
ALHC,6.89,31.7,48.53,58.85,113.42,0.003
ALIT,-3.21,-6.1,-3.08,-9.71,-24.0,0.0011
ALK,-3.46,-21.53,-15.78,19.58,20.65,0.0094
ALKS,-0.41,1.55,24.96,34.04,38.1,0.006
ALKT,5.49,-4.93,-20.78,-27.32,-7.9,0.0048
ALL,-2.96,13.98,11.17,11.94,19.68,0.0359
ALLE,0.9,5.68,4.25,-7.72,2.83,0.0226
ALLT,15.52,6.93,-2.99,98.1,210.16,0.0012
ALLY,8.33,6.26,9.73,12.54,-6.85,0.0066
ALNY,13.22,20.38,23.39,2.75,85.11,0.0504
ALSN,1.45,5.66,-6.23,3.03,27.15,0.0174
ALT,-0.29,2.62,-16.25,-8.87,-27.02,0.001
ALTR,-1.39,3.6,3.87,8.67,19.23,0.0194
ALUR,33.67,5.68,-49.8,-81.14,-99.86,0.0006
ALV,1.16,-2.47,1.24,-1.92,-32.34,0.016
AM,1.58,15.97,19.23,22.28,20.7,0.0031
AMAT,-1.96,-4.48,-9.71,-15.84,-35.51,0.0269
AMBC,3.2,-20.0,-20.66,-20.89,-57.35,0.0015
AMC,0.7,-4.73,-19.48,-28.01,-44.7,0.0005
AMCR,-4.58,-2.15,3.8,-10.29,-11.74,0.0017
AMD,7.22,8.91,-4.01,-26.43,-37.84,0.0197
AME,-1.52,0.03,2.93,8.15,-1.14,0.031
AMGN,-2.51,5.11,22.5,1.48,-4.35,0.0545
AMH,1.4,11.18,5.98,-0.86,-4.01,0.0064
AMKR,-0.15,-5.44,-20.72,-31.25,-44.42,0.0034
AMLX,-0.83,29.6,2.81,-28.12,112.05,0.0007
AMN,-2.04,-5.25,-5.07,-37.57,-63.97,0.0042
AMPH,1.15,-8.26,-19.76,-42.71,-41.59,0.0049
AMPL,-2.8,-4.21,13.14,30.23,28.69,0.002
AMPS,-2.03,4.63,23.33,45.14,12.67,0.0009
AMPX,46.35,21.88,11.46,141.57,141.0,0.0006
AMRC,10.05,-25.85,-49.82,-56.99,-71.78,0.0022
AMRX,1.5,10.71,12.84,6.53,24.08,0.0015
AMT,-1.58,14.44,21.3,-2.94,-0.2,0.0369
AMTM,,,,,,N/A
AMX,-3.7,1.47,4.34,-12.65,-27.02,0.0025
AMZN,2.21,-0.84,-5.95,8.91,4.34,0.0352
ANAB,11.7,12.38,32.84,-40.89,-30.15,0.0032
ANET,1.22,-1.98,-21.69,-10.48,10.39,0.0152
ANF,-5.62,-18.73,-45.13,-43.24,-62.23,0.0138
ANGO,3.48,3.6,-19.56,50.48,48.5,0.0017
AON,-1.07,3.85,14.09,5.61,29.73,0.0682
AOS,-3.29,3.82,-0.33,-12.13,-26.22,0.0115
APA,2.41,-5.27,-8.51,-14.44,-34.96,0.0036
APD,-2.36,-1.55,5.42,-6.46,1.64,0.0509
APG,0.72,1.54,8.16,17.63,-6.87,0.0067
APGE,-0.41,25.99,-14.46,-22.58,-16.14,0.0071
APH,7.17,7.1,-0.73,1.02,-1.46,0.012
APLD,7.23,-7.81,-5.67,0.08,79.0,0.0014
APLE,-4.46,-4.37,-4.51,-6.77,-11.55,0.0023
APLS,-5.01,-7.89,-23.94,-8.37,-48.09,0.0042
APO,5.36,3.96,-5.58,5.0,22.6,0.0257
APP,9.08,-13.63,5.74,110.88,307.12,0.0589
APPS,-6.33,-3.04,99.84,19.2,117.71,0.0006
APTV,0.38,-0.71,7.66,-7.09,-32.73,0.0111
AQN,-0.85,9.35,17.76,6.06,-21.69,0.0009
AQST,12.01,13.4,6.38,-40.1,1.17,0.0006
AR,4.31,12.34,11.39,49.26,13.25,0.0071
ARCC,0.22,0.74,4.65,7.54,2.96,0.0038
ARCO,-6.15,1.05,9.59,-9.58,-25.91,0.0014
ARDX,-4.77,5.94,0.86,-8.31,-32.58,0.0009
ARE,-3.61,3.99,2.71,-11.81,-22.98,0.0169
ARES,2.88,-4.66,-12.46,-7.4,7.74,0.0267
ARHS,4.17,-11.92,6.67,12.88,-56.8,0.0017
ARI,-2.73,4.11,14.85,15.77,-0.39,0.0017
ARIS,10.58,26.94,42.58,118.73,113.46,0.0056
ARKO,3.14,-40.76,-32.43,-37.7,-40.62,0.0007
ARLO,-3.17,-2.28,-5.88,0.33,-30.52,0.0019
ARM,1.24,-7.55,-11.47,-12.45,-9.8,0.0216
ARMK,-6.66,-4.49,-4.5,-7.96,-1.39,0.0059
AROC,4.68,9.42,11.1,36.84,40.36,0.0047
ARQT,3.67,43.15,15.77,98.3,110.42,0.003
ARR,-2.59,3.82,5.07,2.63,-0.52,0.0032
ARRY,-11.96,-14.63,-13.69,-14.36,-68.66,0.0009
ARVN,-2.66,-44.99,-54.01,-66.08,-79.43,0.0015
ARWR,-2.27,-14.21,-18.97,-22.19,-47.71,0.0027
AS,1.77,6.65,-0.93,62.98,85.65,0.0051
ASAN,5.63,-20.31,-20.71,27.96,1.88,0.0026
ASB,2.78,0.53,0.4,3.8,6.94,0.004
ASC,-1.13,3.21,-16.64,-30.72,-61.85,0.0018
ASH,-1.68,-7.45,-15.54,-30.21,-49.59,0.0099
ASML,-1.97,2.5,0.38,3.21,-32.13,0.1262
ASO,4.9,2.02,-12.9,-4.41,-20.01,0.0086
ASPI,2.12,4.75,-3.8,-8.52,-12.28,0.0008
ASPN,-5.44,-5.4,-43.73,-62.09,-84.63,0.0012
ASTS,2.94,6.16,32.71,15.06,228.95,0.0051
ASX,-0.5,-3.36,-5.63,-3.57,-14.23,0.0017
ATAT,-4.98,5.25,19.62,17.14,63.4,0.0052
ATEC,5.96,1.1,11.14,100.51,1.54,0.0018
ATEN,-3.15,-9.69,-3.72,22.03,14.09,0.003
ATHM,-10.21,2.45,12.35,3.77,0.06,0.0049
ATI,3.84,-1.57,0.05,-11.02,-16.59,0.0094
ATKR,-6.39,1.12,-21.24,-25.26,-63.88,0.0109
ATMU,1.67,3.76,-0.35,-2.09,25.87,0.0066
ATO,-2.84,3.79,10.42,8.28,22.45,0.0259
ATOM,-7.19,5.37,-48.8,72.42,40.1,0.001
ATRC,2.25,-6.86,6.79,26.33,46.89,0.0061
ATYR,-9.36,0.21,1.48,14.54,85.74,0.0006
AU,4.04,15.36,44.0,21.43,43.6,0.006
AUB,-0.74,-2.77,-6.45,-8.32,-1.48,0.0057
AUPH,-0.08,9.57,4.82,21.69,52.86,0.0015
AUR,7.98,12.59,-2.61,19.89,251.38,0.0013
AVA,-2.33,8.75,12.62,8.46,4.1,0.0069
AVB,-0.4,0.61,3.48,-3.86,2.45,0.0372
AVDL,-5.14,7.12,-17.66,-33.08,-53.83,0.0015
AVDX,3.58,-1.22,-8.88,8.26,-26.1,0.0015
AVGO,-3.0,-4.14,-13.8,11.88,36.47,0.0332
AVNT,-3.29,-4.16,5.6,-15.57,-16.43,0.0069
AVPT,3.05,-5.84,-4.55,29.8,62.94,0.0027
AVT,0.11,-1.62,-2.02,-7.13,-15.41,0.0085
AVTR,-1.75,-2.0,-22.94,-25.78,-40.8,0.0029
AVXL,2.83,19.95,-13.38,84.1,124.25,0.0017
AWK,-5.16,8.18,17.19,3.39,-1.99,0.0242
AXGN,-2.34,4.38,21.41,37.06,155.58,0.0031
AXL,-1.63,-12.42,-17.59,-23.3,-49.0,0.0008
AXP,3.47,-2.37,-5.71,4.87,9.05,0.0482
AXS,1.14,8.07,14.3,24.51,29.48,0.017
AXSM,1.15,2.42,58.98,44.43,69.81,0.0224
AXTA,-2.57,-0.75,3.8,-0.69,-11.64,0.006
AZEK,15.47,8.53,7.59,14.82,-1.5,0.0084
AZN,-5.87,2.8,15.42,0.83,-14.51,0.0128
BA,10.14,4.16,7.87,17.4,-13.09,0.0314
BABA,-10.5,7.82,63.23,38.74,66.15,0.0233
BAC,2.3,1.09,-3.66,4.74,2.22,0.0075
BAH,-10.45,-2.85,-16.22,-41.03,-38.72,0.0182
BAK,-10.65,-12.95,-1.42,-39.7,-57.22,0.0006
BALL,-4.5,3.99,-2.11,-19.44,-34.76,0.0088
BAM,5.67,-7.1,-4.39,0.18,25.8,0.0089
BANC,2.1,4.91,-1.95,-1.21,9.09,0.0026
BAX,-5.22,-0.15,16.65,-4.95,-6.31,0.0058
BB,-3.4,-13.56,12.18,86.47,54.84,0.0008
BBAI,-0.2,-36.8,9.17,123.34,130.19,0.0006
BBAR,1.57,4.29,-12.78,42.04,106.7,0.0033
BBIO,11.12,6.28,28.93,56.82,28.19,0.0065
BBVA,-4.11,13.2,41.78,46.68,32.84,0.0025
BBWI,5.58,-15.08,-9.32,8.65,-35.65,0.0056
BBY,0.95,-11.09,-7.57,-16.78,-20.22,0.0131
BC,-3.93,-3.39,-8.0,-26.77,-33.22,0.01
BCE,-6.61,-2.87,-2.15,-28.7,-38.88,0.0039
BCRX,2.38,0.71,2.55,1.96,10.44,0.0014
BCS,0.81,11.31,25.93,29.96,39.61,0.0028
BDN,-3.14,-1.01,-9.1,-8.95,-1.82,0.0008
BDX,-1.03,3.57,0.76,-2.16,-11.22,0.0397
BE,-6.42,5.06,-2.99,143.12,44.33,0.004
BEAM,-3.71,-18.42,-7.86,12.11,-10.36,0.0042
BECN,1.64,10.88,21.97,33.32,20.48,0.0215
BEKE,-19.37,4.88,26.73,0.02,16.47,0.0036
BEN,-0.27,2.18,3.91,0.78,-19.52,0.0035
BEPC,0.66,8.91,9.46,-9.89,-13.6,0.005
BERY,-4.02,-0.33,6.92,11.96,15.84,0.0119
BF-B,-7.02,7.37,-2.83,-28.54,-33.44,0.0059
BFH,7.67,-1.86,-8.72,7.59,20.37,0.0091
BG,-4.08,2.44,-2.56,-16.9,-39.24,0.0126
BGC,4.5,12.82,4.11,7.02,6.37,0.0017
BGS,-9.2,5.09,3.43,-13.65,-32.21,0.0012
BHC,1.64,5.0,-4.61,-8.88,8.26,0.0013
BHF,2.57,3.44,26.82,25.86,27.66,0.0103
BHP,-4.14,0.1,3.74,-11.95,-21.7,0.0085
BHVN,3.02,-9.03,-18.21,-40.56,-16.04,0.0054
BIDU,-7.89,12.71,20.41,7.47,-7.92,0.0166
BIGC,-0.8,-6.97,0.93,16.7,-37.18,0.0011
BIIB,-2.98,3.84,-3.52,-21.37,-48.52,0.0246
BILI,-12.45,0.39,20.96,-3.08,24.27,0.0034
BILL,7.54,-0.92,-35.81,-6.46,-6.91,0.0088
BIPC,1.21,-9.35,-6.75,-13.72,0.29,0.0063
BIRK,5.51,-4.44,-15.31,-3.29,-27.25,0.0082
BJ,-2.89,10.88,22.2,31.51,18.96,0.0192
BK,1.14,-0.16,11.8,13.95,37.66,0.0147
BKD,-3.74,10.34,25.91,-0.94,-19.15,0.001
BKKT,6.17,9.42,-43.03,29.11,-24.77,0.0024
BKR,0.01,3.56,5.72,20.81,34.36,0.0077
BKSY,-2.48,-34.65,-5.84,46.38,-3.55,0.0016
BL,0.63,6.01,-9.36,-10.4,-3.04,0.0087
BLDR,1.16,-1.34,-5.66,-26.44,-19.09,0.0228
BLK,-1.05,5.28,0.79,0.65,16.53,0.1671
BLMN,1.43,-22.92,-24.97,-44.63,-66.13,0.0015
BLND,0.33,6.13,-0.12,9.65,21.36,0.0006
BMBL,-6.02,-9.78,-34.09,-31.93,-68.44,0.0008
BMRN,-1.01,7.92,7.83,3.94,-17.98,0.0125
BMY,0.14,9.08,10.01,19.58,42.77,0.0106
BN,5.27,-0.61,-2.47,4.49,21.81,0.0096
BNL,-1.1,9.65,13.09,-0.83,9.08,0.003
BNS,-2.49,-0.92,-3.93,-5.95,-3.32,0.0084
BNTX,-1.85,-10.36,-15.06,-8.21,-7.83,0.0174
BOOT,6.49,-8.88,-27.38,-28.19,-21.68,0.0195
BOX,-2.21,-3.9,0.92,-3.17,1.23,0.0053
BP,-0.59,4.7,13.69,12.2,-8.73,0.0059
BPMC,1.77,6.62,7.67,16.22,-15.5,0.0165
BPOP,1.79,-3.12,1.34,6.43,0.36,0.0161
BRBR,4.61,4.54,4.02,14.76,12.75,0.0128
BRFS,3.07,5.12,-10.47,-21.63,-12.47,0.0006
BRK-B,-1.09,9.11,18.93,16.52,19.4,0.0912
BRKR,-6.83,-10.54,-24.36,-22.3,-38.93,0.0077
BRO,-0.88,11.05,20.71,17.38,26.13,0.021
BROS,12.11,-2.85,27.9,98.98,88.56,0.0122
BRSP,-4.14,-0.51,5.37,13.87,-0.91,0.001
BRX,-1.05,-1.07,1.71,-3.28,11.09,0.0045
BRY,-2.27,-17.57,-24.52,-34.68,-52.9,0.0006
BRZE,3.73,2.57,-11.13,24.43,-4.07,0.0066
BSX,2.18,1.96,9.55,21.87,26.23,0.0178
BSY,-0.92,-4.76,-6.03,-12.26,-22.62,0.0074
BTDR,9.54,-7.46,-34.75,55.41,53.94,0.002
BTG,-5.03,13.08,22.09,-6.44,10.08,0.0005
BTI,-4.02,10.82,13.71,21.61,30.54,0.0071
BTSG,5.48,-0.15,10.46,21.28,53.8,0.0032
BTU,6.99,0.66,-20.82,-39.43,-47.69,0.0025
BUD,-4.47,16.48,28.04,-3.01,-9.97,0.0107
BUR,-0.47,-6.65,11.55,3.83,-13.15,0.0024
BURL,4.54,8.96,-10.53,-0.53,-0.45,0.0431
BVN,-1.69,24.23,24.42,16.16,-18.74,0.0027
BWA,2.25,3.0,-3.73,-11.05,-23.31,0.0051
BWIN,11.34,20.2,28.29,-8.1,20.0,0.0079
BWXT,2.45,8.06,-6.34,-14.32,8.48,0.018
BX,1.28,0.43,-9.29,-7.26,21.22,0.0264
BXMT,-2.73,4.49,20.04,14.89,21.11,0.0036
BXP,-0.41,4.53,1.9,-18.36,11.83,0.012
BXSL,0.58,1.35,7.09,9.72,5.35,0.0058
BYD,-1.95,-5.71,-0.94,0.93,20.63,0.012
BYND,-6.46,-9.61,-4.4,-46.3,-65.83,0.0006
BYON,-10.64,-21.97,-10.61,-18.45,-75.36,0.0009
BZ,-3.88,28.67,52.77,35.08,-14.43,0.0035
BZAI,-6.99,-10.68,-72.99,-71.33,-80.43,0.0006
C,4.23,-2.12,4.31,22.48,15.43,0.0128
CACI,-5.84,17.15,-8.14,-31.43,-21.02,0.0644
CADE,1.87,0.47,-7.32,-3.04,6.63,0.0054
CADL,-3.55,-17.38,1.74,55.34,-1.29,0.0015
CAG,-2.93,3.26,0.61,-9.6,-19.98,0.0045
CAH,0.82,8.04,11.26,21.34,28.4,0.0231
CAKE,6.68,-2.92,6.06,23.84,24.9,0.0089
CAL,5.88,11.38,-15.86,-37.84,-56.7,0.0031
CALM,0.01,7.93,-7.26,7.53,49.85,0.0162
CALX,10.2,1.61,0.37,-1.09,-3.79,0.0065
CAPR,1.48,-4.49,-1.64,-38.33,119.97,0.0023
CAR,0.84,-26.23,-26.85,-25.65,-53.45,0.0105
CARG,-0.76,5.16,-12.84,0.29,21.18,0.0054
CARR,-1.14,5.72,1.83,-6.8,2.92,0.0118
CARS,4.59,-18.41,-24.56,-21.27,-48.31,0.0021
CART,-0.96,-13.51,-6.18,-7.45,26.78,0.0071
CAT,-1.91,4.42,-2.48,-10.45,-3.51,0.0592
CAVA,13.31,-9.72,-18.63,-32.93,-6.75,0.0157
CB,-3.63,10.19,11.84,2.23,2.15,0.0505
CBOE,-2.99,4.63,12.89,0.76,12.19,0.0369
CBRE,2.39,0.69,5.7,1.7,47.32,0.0232
CBRL,2.11,-8.24,-25.52,-12.16,-27.6,0.0071
CBSH,-0.34,1.76,2.77,9.03,13.92,0.0109
CC,-2.66,-5.43,-15.38,-18.06,-43.67,0.0025
CCCS,-4.29,-6.95,-17.89,-16.12,-28.67,0.0016
CCEP,-2.75,-0.31,12.93,10.01,6.39,0.0145
CCI,-0.27,18.18,23.75,-0.36,-1.94,0.0181
CCJ,3.93,9.29,-8.43,-14.1,-23.53,0.0079
CCK,-3.32,5.72,13.33,-4.44,-0.44,0.0153
CCL,1.0,-5.66,-8.79,3.23,17.56,0.0037
CDE,-4.27,20.83,-0.25,-7.24,5.86,0.0011
CDNA,0.14,-4.63,-15.75,-11.72,34.03,0.0034
CDNS,3.09,9.22,-9.21,4.53,-15.96,0.0463
CDP,-1.04,5.32,-6.05,-14.22,5.87,0.0047
CDW,-1.82,-4.86,-3.22,-20.28,-31.52,0.0295
CE,0.91,15.97,-5.87,-52.9,-67.62,0.0103
CEF,-3.28,4.64,13.05,5.81,14.64,0.0047
CEG,2.98,-10.84,-3.52,-12.54,4.14,0.0396
CELH,14.91,14.79,22.78,10.87,-60.16,0.006
CENX,-9.16,5.55,0.37,4.26,4.71,0.0033
CERT,-3.98,-10.5,0.37,6.38,-45.25,0.0019
CF,-2.79,2.73,-8.61,-5.83,-11.82,0.0133
CFG,1.75,-1.2,-2.3,4.38,18.19,0.0073
CFLT,-1.26,-8.59,-2.2,21.87,-2.77,0.0047
CG,4.33,-2.85,-8.46,-5.96,3.07,0.008
CGAU,0.38,3.28,6.82,-14.47,-17.89,0.0011
CGNX,-3.4,-0.03,-13.06,-17.67,-33.86,0.0055
CGON,1.48,10.14,-3.79,-20.88,-28.09,0.0049
CHD,-3.84,2.96,7.05,7.28,-9.3,0.0185
CHKP,-2.64,9.57,27.03,10.78,42.0,0.0395
CHRD,3.16,6.19,-4.3,-9.66,-41.1,0.0196
CHRW,-2.14,4.04,0.14,-5.23,10.84,0.0174
CHTR,2.16,4.07,7.75,10.07,21.97,0.0637
CHWY,1.34,2.33,-3.5,26.93,44.04,0.0059
CHX,-0.68,4.92,11.11,3.14,-10.4,0.0052
CI,-0.49,10.57,17.82,2.74,-12.71,0.0556
CIEN,4.23,-9.95,-12.9,9.14,38.65,0.0121
CIFR,0.94,-31.94,-34.09,-40.69,-25.88,0.0006
CIM,-3.45,1.79,-1.71,-8.73,14.52,0.0023
CINF,-2.09,10.47,5.96,5.04,21.02,0.0253
CIVI,2.37,-21.33,-21.77,-25.57,-51.1,0.0063
CKPT,-0.13,40.89,28.71,11.05,107.58,0.0007
CL,-1.42,4.48,7.07,-3.69,-10.57,0.0158
CLBT,4.91,8.51,-6.39,9.39,81.97,0.0034
CLDX,0.48,1.03,-19.13,-22.2,-45.57,0.0036
CLF,-10.1,-13.08,-2.17,-28.22,-52.7,0.0016
CLMT,-5.57,-11.82,-38.19,-39.48,-30.3,0.0022
CLOV,1.34,-5.25,7.22,-2.11,234.24,0.0007
CLS,7.31,-6.23,0.12,44.8,80.68,0.0173
CLSK,6.62,2.37,-10.34,-22.13,-54.37,0.0015
CLVT,-3.99,-5.8,-16.12,-34.92,-34.67,0.0007
CLX,-4.67,-3.35,-7.17,-6.75,2.28,0.025
CM,-0.93,-2.05,-6.13,-7.63,10.25,0.01
CMA,2.77,-1.93,0.86,0.91,22.62,0.0105
CMC,3.98,0.97,5.39,-4.86,-16.07,0.0085
CMCSA,0.75,4.43,1.01,-10.71,-14.24,0.0063
CME,-1.87,10.26,17.78,21.03,26.0,0.0456
CMG,-1.73,0.46,-11.82,-15.86,-28.46,0.0086
CMI,-0.12,-4.55,-4.99,2.26,14.14,0.0574
CMP,-19.24,-15.18,-15.27,-27.09,-38.27,0.0017
CMPO,1.69,-9.57,-2.92,-8.13,117.81,0.002
CMPS,-11.74,-12.34,-22.33,-49.78,-68.45,0.0005
CMRX,-1.27,82.18,146.1,877.71,785.74,0.0015
CMS,-1.79,5.02,13.73,5.67,10.05,0.0127
CMTG,-1.87,45.77,7.7,-34.13,-56.14,0.0007
CNC,-1.46,4.3,-3.52,-6.9,-24.4,0.0103
CNH,-5.32,1.54,16.15,14.81,15.68,0.0022
CNI,-1.12,1.24,-1.07,-10.36,-29.49,0.0171
CNK,0.1,-2.16,-13.81,-10.58,43.87,0.0044
CNM,2.11,3.24,-0.46,10.52,-5.54,0.0086
CNNE,11.39,2.04,2.28,0.7,-1.71,0.0033
CNO,0.4,9.19,16.69,24.88,43.22,0.0073
CNP,-1.26,8.05,17.89,24.18,9.27,0.0062
CNQ,1.59,8.48,-3.09,-11.61,-20.02,0.0053
CNR,2.11,2.48,-26.53,-29.73,-33.0,0.013
CNTA,-4.94,9.8,5.84,7.99,88.04,0.0029
CNX,2.08,10.19,4.56,-12.15,15.74,0.0055
CNXC,-4.5,1.18,1.85,2.41,-33.72,0.0078
COCO,1.21,-0.34,9.26,23.91,19.99,0.0063
COF,7.81,-5.93,3.24,13.54,26.93,0.0314
COGT,-1.49,2.8,-6.21,-37.48,-24.91,0.0013
COHR,12.88,-0.77,-15.55,-19.26,7.42,0.0133
COIN,5.82,-6.98,-19.36,-0.28,-25.86,0.0352
COLB,2.0,2.43,-1.65,-4.96,37.29,0.0045
COLD,-3.18,0.29,4.58,-15.45,-27.95,0.0037
COLM,-3.6,-11.42,-2.74,5.16,-16.22,0.0135
COMM,8.85,24.19,14.52,-6.05,270.08,0.001
COMP,5.15,9.21,74.46,71.09,155.74,0.0017
CON,,,,,,N/A
COO,3.58,-3.05,-5.95,-21.33,-20.09,0.0146
COOP,4.16,1.38,17.26,21.91,21.87,0.0186
COP,1.22,7.01,3.92,-0.09,-15.93,0.0177
COR,0.88,13.13,15.27,15.3,7.74,0.0464
CORT,1.12,-0.18,17.6,26.48,71.92,0.0103
CORZ,4.65,-1.97,-31.19,-29.67,27.31,0.0016
COST,-0.6,-6.97,2.51,4.86,3.36,0.1606
COTY,-3.23,-3.91,-16.1,-26.12,-53.66,0.001
COUR,3.93,-4.69,-10.89,8.4,-6.79,0.0013
CP,-4.29,-0.34,-1.27,-4.26,-13.74,0.0127
CPB,-4.09,-4.33,-0.46,-17.7,-20.67,0.0066
CPNG,-1.33,-0.62,8.43,-7.4,-1.87,0.0041
CPRI,-1.91,3.84,1.43,0.75,-46.15,0.0037
CPRT,0.81,0.63,-0.48,7.18,-5.09,0.0095
CPRX,16.39,24.73,15.44,20.64,51.47,0.0045
CPT,-0.38,3.98,12.08,4.42,8.41,0.0211
CRBG,-0.28,5.57,8.71,6.98,9.11,0.0057
CRC,0.39,-0.83,-12.99,-13.97,-6.34,0.0076
CRDF,-8.05,-13.28,-0.52,34.62,16.08,0.0007
CRDO,5.84,-12.49,-28.25,29.67,95.74,0.0088
CRGY,3.99,-13.33,-22.47,-4.57,-12.48,0.002
CRH,-0.81,1.38,8.62,6.91,19.08,0.017
CRI,2.07,-12.94,-12.33,-21.86,-42.92,0.0074
CRK,5.8,9.57,5.71,69.36,68.08,0.0035
CRL,-6.22,1.53,-8.59,-7.62,-29.57,0.029
CRM,0.23,-3.65,-9.98,-0.74,13.28,0.0496
CRMD,1.24,10.24,2.18,-16.71,95.75,0.0019
CRNC,-5.89,-16.72,-34.32,239.05,203.66,0.0017
CRNX,0.47,7.42,-23.35,-37.29,-33.07,0.0062
CROX,5.16,8.15,3.68,-16.37,-34.42,0.0192
CRSP,-2.1,-4.88,5.77,-9.31,-35.86,0.0074
CRSR,-3.76,-9.57,36.23,60.7,-20.97,0.0017
CRVO,16.71,381.73,393.83,-21.13,-52.72,0.0019
CRVS,-11.59,7.52,-22.23,-48.16,87.76,0.0007
CRWD,0.51,-1.27,6.43,24.66,12.94,0.0646
CSAN,-4.72,13.05,1.25,-34.38,-54.26,0.0009
CSCO,-1.5,0.02,5.54,10.83,22.56,0.0106
CSGP,-1.64,7.02,14.88,8.3,-7.07,0.0139
CSIQ,-4.14,-6.4,-21.24,-26.89,-57.13,0.0017
CSTM,-8.88,8.59,8.21,0.96,-55.52,0.002
CSX,-3.21,-2.17,-4.37,-8.92,-16.91,0.0052
CTAS,-1.94,-0.71,3.73,-5.15,6.4,0.0337
CTKB,-4.84,-15.55,-35.67,-9.32,-31.14,0.0007
CTOS,7.25,18.56,16.99,59.65,3.2,0.0009
CTRA,2.63,9.39,11.57,25.83,0.56,0.0051
CTRE,-0.97,19.42,10.27,-4.52,5.42,0.005
CTSH,-4.23,-4.21,5.42,5.63,11.62,0.0135
CTVA,-0.83,3.01,11.45,4.11,7.56,0.0108
CUBE,-2.51,2.66,3.51,-11.75,-8.53,0.0072
CUK,0.77,-6.66,-9.53,1.86,16.69,0.0033
CURB,,,,,,N/A
CUZ,1.74,4.3,5.05,-2.1,27.37,0.0053
CVBF,0.18,0.96,-3.91,1.05,12.96,0.0033
CVE,3.44,2.91,-4.23,-14.69,-33.33,0.0025
CVI,-3.51,-0.1,11.69,-13.87,-32.55,0.0035
CVNA,12.92,2.67,10.99,6.18,102.31,0.037
CVS,-0.25,10.82,51.27,21.83,7.12,0.0117
CVX,2.34,8.12,13.56,12.46,0.16,0.0286
CWAN,0.18,-7.84,1.85,3.63,32.95,0.0047
CWEN,-1.02,17.15,20.37,19.05,3.38,0.0052
CWH,2.06,-10.73,-16.85,-14.03,-21.11,0.0031
CWK,-0.98,-4.49,-8.94,-18.78,-5.94,0.0019
CX,-1.79,-1.56,9.05,2.04,-20.57,0.0011
CXM,2.31,6.59,7.21,23.38,-25.15,0.0016
CXW,-0.18,15.34,-8.77,49.49,15.43,0.0035
CYTK,2.07,0.34,0.86,-8.56,-12.8,0.0081
CZR,-1.45,-16.12,-9.49,-35.63,-29.78,0.0049
D,-2.32,0.28,3.24,-5.98,-3.38,0.0094
DAL,2.61,-16.71,-17.68,-8.76,-10.09,0.0085
DAN,0.17,0.08,31.49,48.61,2.0,0.0026
DAR,-0.75,-20.53,-8.71,-22.93,-30.72,0.0052
DASH,3.17,5.19,17.09,30.01,69.78,0.0345
DATS,-13.47,-12.35,-30.16,34.86,72.51,0.0004
DAWN,-5.78,-28.17,-29.34,-42.38,-43.93,0.0014
DAY,4.03,-3.02,-11.67,-6.52,11.88,0.0104
DB,1.75,23.8,45.42,47.73,41.98,0.0043
DBI,12.66,-5.02,-19.94,-22.52,-59.76,0.0007
DBRG,-3.09,-16.98,-10.76,-43.2,-37.57,0.0016
DBX,1.61,6.92,-6.23,5.04,15.97,0.0047
DCI,-2.9,3.04,3.21,-7.62,-14.4,0.0118
DD,-2.44,-1.73,6.59,-5.89,-11.71,0.0134
DDOG,4.33,-2.64,-19.8,-12.28,-7.78,0.0191
DE,-2.12,2.66,19.61,18.81,22.41,0.0832
DEA,-2.84,4.02,-3.32,-18.32,-16.05,0.0018
DECK,4.5,-7.41,-37.37,-25.14,-38.88,0.0216
DEI,2.31,7.54,0.95,-7.79,16.79,0.0029
DELL,0.57,-8.95,-13.46,-17.53,-34.67,0.0173
DENN,-0.1,-22.96,-28.95,-38.63,-54.55,0.0007
DEO,-4.47,1.36,-11.52,-18.42,-27.93,0.0184
DESP,-1.89,3.4,2.75,28.7,22.87,0.0033
DFS,9.57,-8.32,-0.38,15.82,33.29,0.0295
DG,2.52,8.83,18.66,4.97,-45.97,0.0144
DGX,-5.17,-0.26,11.71,9.15,11.0,0.029
DHI,0.96,6.71,-4.01,-26.19,-17.76,0.0226
DHR,-1.53,4.39,-8.08,-12.48,-27.93,0.0369
DHT,0.53,5.19,11.0,3.92,-13.29,0.0019
DINO,-2.64,-5.17,-0.58,-20.05,-44.95,0.0057
DIS,-0.8,-6.31,-6.18,6.58,-11.17,0.0174
DJT,0.56,-14.74,-36.63,-45.36,-62.81,0.0036
DK,-1.13,3.33,-8.62,-1.87,-42.36,0.0028
DKNG,2.99,-4.87,8.2,11.8,5.08,0.007
DKS,2.29,-3.12,-9.43,1.79,-14.38,0.0356
DLO,1.4,-20.52,-12.55,10.61,3.59,0.0017
DLR,0.77,1.8,-10.76,-12.11,1.49,0.027
DLTR,4.37,-3.79,-0.55,5.65,-51.03,0.0121
DNA,-2.53,-22.78,-28.15,-4.94,-72.61,0.0013
DNB,7.21,1.57,-19.71,-15.94,-12.53,0.0016
DNLI,-6.03,-24.99,-28.0,-42.86,-37.59,0.0026
DNOW,8.35,2.65,30.94,40.3,13.26,0.0029
DNUT,1.7,-35.17,-37.23,-50.58,-53.9,0.001
DOC,-1.92,6.73,4.75,-4.84,-0.83,0.0035
DOCN,1.11,5.51,12.41,-7.0,-6.12,0.0066
DOCS,4.63,-4.9,23.16,61.52,130.41,0.0115
DOCU,5.05,9.95,1.98,29.7,58.29,0.0154
DOMH,10.41,-23.97,386.69,221.65,156.72,0.001
DOV,-0.24,-3.14,1.89,0.42,-4.79,0.0322
DOW,-4.88,-1.74,-2.48,-23.74,-40.01,0.0063
DOX,-0.65,5.27,9.16,2.29,9.93,0.0156
DPZ,2.03,6.3,15.93,14.15,-18.29,0.0808
DQ,-9.49,-7.56,-9.23,-28.59,-26.57,0.0031
DRH,-3.0,-0.27,-7.24,-6.66,-12.06,0.0014
DRI,9.54,10.59,16.93,32.11,33.96,0.0362
DRS,0.85,19.61,4.85,21.22,34.97,0.0059
DT,-1.05,-10.5,-0.44,-5.59,1.44,0.0088
DTE,-1.22,7.29,15.97,10.12,11.92,0.0236
DTM,2.72,8.64,-1.13,18.13,45.19,0.0175
DUK,-3.83,5.53,12.72,3.4,7.16,0.0205
DUOL,10.55,-11.76,4.67,13.86,62.28,0.0572
DV,-3.35,-32.37,-25.86,-16.94,-27.76,0.0025
DVA,-0.85,9.5,0.24,-3.49,-4.05,0.0261
DVAX,-0.09,6.73,12.21,29.92,5.57,0.0024
DVN,3.64,3.38,8.45,-3.7,-27.17,0.0064
DX,-3.86,4.32,17.26,19.05,16.54,0.0024
DXC,-3.93,-8.46,-14.71,-13.85,0.83,0.0029
DXCM,3.94,-13.4,-3.41,3.26,-44.46,0.0131
DYN,-0.98,-5.23,-43.7,-58.98,-69.55,0.0021
EA,-0.47,11.59,2.93,0.51,-2.69,0.0251
EARN,-2.49,-6.21,-6.59,-9.63,-16.48,0.001
EAT,7.2,4.31,13.03,63.15,106.11,0.0267
EBAY,-2.96,-0.89,-1.14,7.07,16.46,0.0115
EBC,1.6,1.0,1.99,8.52,21.0,0.0029
EBR,-1.07,14.87,29.04,9.28,-3.13,0.0013
EBS,-2.67,-16.37,-40.67,-35.14,-5.94,0.001
EC,-4.33,0.62,21.41,25.14,-19.93,0.0017
ECL,-1.08,-0.39,10.52,0.87,-0.68,0.0438
ECVT,-5.96,-17.29,-11.2,4.76,-37.09,0.0011
ED,-2.36,10.78,23.64,4.63,7.96,0.0185
EDU,-8.01,1.46,-22.87,-21.01,-46.64,0.0082
EFC,-1.85,6.82,15.26,13.07,13.51,0.0023
EFX,0.49,5.89,1.6,-8.1,-3.96,0.0425
EGO,-0.21,14.94,0.43,-8.91,-9.19,0.0027
EGY,-6.06,-6.01,-6.65,-27.59,-41.87,0.0007
EH,-10.54,1.39,59.08,34.4,30.62,0.004
EHC,0.63,4.7,10.22,7.85,9.93,0.0173
EIX,-2.26,15.78,-13.15,-28.73,-30.06,0.0102
EL,-3.72,-6.15,-5.44,-21.25,-53.47,0.0117
ELAN,-1.16,-0.18,-4.9,-13.16,-50.26,0.0019
ELF,-3.55,-10.3,-46.62,-40.53,-74.81,0.0112
ELME,-2.08,6.28,21.05,3.98,7.06,0.003
ELS,-2.17,4.92,5.82,-0.75,-0.41,0.0118
ELV,-2.41,14.96,14.49,1.99,-28.81,0.0741
EMBC,-7.28,-1.67,-33.23,-5.03,-5.85,0.0022
EMN,-2.8,-3.83,5.66,-12.33,-13.43,0.0156
EMR,-0.06,-0.8,-1.15,8.29,0.41,0.02
ENB,0.12,10.15,3.09,10.47,17.87,0.0077
ENFN,-1.0,0.98,10.81,25.03,15.47,0.0019
ENOV,0.44,-4.5,-10.08,0.72,-24.74,0.0069
ENPH,-4.2,-2.33,-8.22,-25.15,-61.1,0.0108
ENR,-3.67,0.96,-13.33,-5.41,-1.56,0.0052
ENTG,-4.09,-0.29,1.2,-5.49,-30.99,0.017
ENVX,6.57,-6.37,-25.17,-14.38,-22.59,0.0015
EOG,2.17,-0.41,3.11,5.58,0.36,0.0222
EOSE,2.94,5.72,-13.48,30.94,508.9,0.0008
EPD,-2.34,3.72,8.03,20.64,16.26,0.0058
EPR,-1.57,7.68,19.57,16.08,24.52,0.009
EPRT,-0.28,4.38,4.76,0.75,12.34,0.0056
EQH,0.92,4.62,12.4,21.02,26.54,0.0093
EQNR,1.77,12.98,3.49,3.92,-11.81,0.0044
EQR,0.23,2.43,8.23,-2.83,2.85,0.0124
EQT,2.9,11.43,13.08,45.81,25.59,0.0094
EQX,-4.78,3.16,19.27,20.95,18.98,0.0012
ERIC,-1.87,7.13,1.46,-1.91,24.68,0.0014
ERJ,-11.02,22.77,34.03,42.67,63.98,0.0086
ES,-2.67,1.33,11.14,-4.59,-5.37,0.0106
ESI,-5.24,1.39,3.37,-3.79,2.57,0.0044
ESNT,1.87,4.17,5.63,-5.45,-9.19,0.0098
ESRT,-4.31,-3.08,-15.4,-25.45,-22.2,0.0014
ESTC,4.99,0.46,6.19,28.75,-10.32,0.0176
ET,-1.73,3.13,-0.21,19.54,20.74,0.0033
ETN,0.26,8.09,-9.7,-11.14,-12.62,0.0525
ETNB,3.54,-6.07,27.04,16.96,1.24,0.0016
ETR,-3.31,2.1,13.02,27.76,48.18,0.0146
ETSY,-2.56,-10.26,-11.61,-5.02,-38.35,0.008
EVER,2.04,47.92,56.16,64.34,21.7,0.005
EVH,-4.73,-1.31,-20.63,-59.0,-65.08,0.0017
EVLV,-2.57,-6.91,-0.53,28.23,12.15,0.0005
EVRG,-1.82,3.33,14.52,14.11,18.66,0.0117
EVRI,-0.97,2.73,3.58,3.33,71.93,0.0024
EW,-0.61,1.67,-1.23,3.54,-27.37,0.0124
EWBC,3.41,3.43,0.93,-0.1,24.44,0.0162
EWCZ,-0.68,-30.86,-31.0,-36.84,-72.74,0.0007
EWTX,-13.21,-2.95,-5.52,-32.49,25.0,0.0041
EXAS,2.6,-4.57,-14.37,-31.16,-0.62,0.0082
EXC,-3.45,4.14,17.72,11.58,11.14,0.0076
EXE,1.71,9.22,9.17,30.9,16.66,0.0189
EXEL,0.26,5.19,11.88,36.04,64.5,0.0065
EXK,-4.75,25.01,34.27,-12.87,18.75,0.0008
EXLS,-1.89,0.02,5.2,21.11,49.85,0.0081
EXPD,-0.8,4.74,6.96,-0.35,-12.07,0.0204
EXPE,5.54,-7.05,0.38,13.5,47.05,0.0309
EXPI,4.42,5.6,-4.73,-17.85,-10.82,0.0018
EXR,-2.07,-3.56,2.3,-9.65,-6.27,0.0253
EXTR,1.68,4.73,-10.03,7.25,25.59,0.0027
EYE,11.22,20.33,31.67,39.72,-20.16,0.0024
EYPT,-6.0,10.88,-27.86,-32.56,-40.24,0.0011
EZPW,6.19,14.72,27.78,29.39,36.27,0.0026
F,1.7,13.23,11.22,-2.38,-18.43,0.0018
FA,2.85,-19.81,-17.27,-20.38,-25.02,0.0024
FAF,0.02,7.77,13.43,6.7,15.11,0.0114
FANG,3.59,8.06,-2.63,-10.92,-21.84,0.0279
FAST,-0.49,6.49,8.64,2.72,12.58,0.0133
FBIN,-1.3,2.11,-5.09,-24.12,-12.23,0.0111
FBP,2.36,2.93,4.47,1.55,1.31,0.0033
FCEL,-20.91,-22.88,-54.61,-47.84,-91.29,0.0009
FCF,-2.51,1.98,-0.56,-2.95,14.92,0.0027
FCPT,-0.71,4.38,8.46,2.87,9.77,0.0049
FCX,3.69,15.73,7.65,-9.67,-24.45,0.0072
FDX,-2.84,-0.3,-8.82,-9.32,-8.41,0.042
FE,-3.71,-5.44,1.66,-7.56,-8.95,0.0068
FERG,0.05,-0.27,-1.36,-14.66,-24.02,0.0285
FFIV,0.94,-2.84,8.52,27.18,54.46,0.0476
FHB,0.04,-1.52,3.26,7.1,20.8,0.0043
FHI,0.39,9.81,6.11,6.82,16.97,0.007
FHN,2.67,-0.5,-1.47,17.54,23.55,0.0034
FI,0.03,-0.83,10.62,11.86,40.87,0.0385
FIGS,5.69,-7.26,-17.85,-21.11,-15.02,0.0008
FIHL,1.2,13.87,-0.54,-7.08,-5.86,0.0028
FINV,6.48,21.13,50.82,62.87,100.79,0.0017
FIP,0.08,-2.76,-33.33,-39.65,-36.53,0.0009
FIS,1.18,11.3,-3.3,-15.68,-9.48,0.0129
FITB,1.6,-2.77,-2.57,-5.36,5.34,0.007
FIVE,4.91,-5.88,-17.84,-8.62,-51.53,0.0137
FIVN,0.49,-22.49,-18.18,5.17,-40.03,0.0054
FL,-3.94,-7.24,-19.49,-32.87,-50.07,0.0028
FLEX,4.59,-0.52,-6.32,6.97,6.74,0.0065
FLG,0.71,5.35,37.2,17.21,22.44,0.0021
FLNC,-3.66,-15.97,-66.44,-73.65,-85.28,0.0009
FLO,-4.77,-1.23,-5.05,-15.87,-27.17,0.0032
FLOC,,,,,,N/A
FLR,2.57,8.34,-18.54,-24.86,-18.21,0.0067
FLS,2.52,-0.79,-8.57,0.66,1.59,0.0091
FLUT,1.32,-5.19,-1.12,10.29,19.58,0.0427
FLWS,7.23,-16.66,-14.53,-23.0,-46.75,0.001
FLYW,-5.36,-38.35,-43.71,-41.22,-48.83,0.0017
FMC,-3.81,13.56,-14.47,-31.15,-32.98,0.0072
FNA,-1.71,3.3,28.15,166.55,74.1,0.0023
FNB,0.58,-0.54,-1.86,0.36,-1.46,0.0024
FND,-1.82,-8.56,-8.36,-15.33,-33.32,0.0149
FNF,-1.68,12.76,19.28,10.66,22.5,0.0112
FNKO,-0.1,-40.8,-47.11,-37.44,-31.59,0.0013
FNV,-0.52,15.12,24.88,15.57,22.81,0.027
FOLD,-6.34,-3.35,-5.59,-24.96,-23.13,0.0015
FOUR,-0.54,-5.51,-14.69,-5.43,15.96,0.0153
FOX,0.51,-4.26,9.75,30.99,47.43,0.0086
FOXA,0.14,-3.9,12.1,29.32,47.44,0.0093
FOXF,2.66,2.83,-8.13,-29.94,-52.49,0.0045
FR,-3.99,0.26,12.49,2.68,9.35,0.0094
FRO,0.76,3.24,5.45,-18.78,-45.17,0.0028
FRPT,-2.26,-13.89,-36.8,-32.88,-40.96,0.0154
FRSH,3.17,-3.66,1.31,37.96,16.89,0.0028
FRT,-1.27,-3.37,-3.48,-10.98,-9.29,0.017
FSK,0.27,-4.0,4.02,9.11,7.57,0.0036
FSLR,-4.79,-12.15,-30.05,-34.4,-60.6,0.0223
FSLY,-2.04,8.09,-20.81,-0.13,-13.88,0.0013
FSM,1.68,36.79,34.25,17.63,-8.49,0.001
FSS,-1.92,-10.16,-13.14,-7.47,-17.16,0.0135
FTAI,5.78,-7.81,-29.17,-19.25,39.06,0.0199
FTDR,1.78,-28.08,-28.36,-20.93,-2.01,0.0068
FTI,4.11,8.09,-5.62,13.78,14.36,0.0052
FTNT,1.6,-4.58,6.45,24.91,61.17,0.0173
FTRE,-7.44,-34.51,-46.39,-45.06,-71.22,0.0016
FTS,-2.42,5.79,9.57,4.35,4.92,0.0078
FTV,-0.06,-1.53,1.55,2.16,-4.38,0.0132
FUBO,0.24,-14.85,-36.33,110.31,154.71,0.0006
FULT,-0.59,-1.3,-2.31,6.88,7.18,0.0032
FUN,-1.78,-12.31,-14.86,-3.52,-18.11,0.0067
FUTU,-9.61,1.32,41.72,19.84,39.39,0.0187
FWONK,-0.12,-4.66,-2.23,13.12,10.4,0.0154
FWRD,5.53,-17.49,-29.66,-40.48,7.23,0.0038
FWRG,5.95,-11.93,-7.36,3.77,-17.06,0.003
FYBR,-1.63,3.6,3.82,0.0,28.59,0.0062
G,-2.5,-1.29,17.3,30.93,43.23,0.0087
GAP,6.18,-1.1,-6.44,1.61,-26.69,0.0038
GBCI,0.04,0.12,-4.49,-6.6,20.71,0.0079
GBDC,-0.16,2.32,6.4,5.83,-5.61,0.0026
GBTG,1.73,-6.45,-11.05,3.37,16.04,0.0013
GCI,0.98,-18.62,-36.29,-42.95,-31.22,0.0005
GCT,3.67,-9.28,-17.32,-34.39,-58.94,0.0027
GD,-1.37,11.57,4.77,-10.95,-18.21,0.0461
GDDY,0.25,9.02,-4.37,15.01,23.2,0.0318
GDHG,68.66,112.12,-26.18,-8.14,-91.58,0.0003
GDOT,4.28,-1.91,-13.0,-30.42,-26.83,0.0014
GDRX,2.41,-0.53,10.96,-24.58,-52.21,0.0008
GDS,-21.49,-24.62,1.06,32.9,232.88,0.0049
GE,2.43,9.6,24.37,18.49,22.14,0.0365
GEHC,-2.56,-6.19,-2.7,-6.86,-3.49,0.0142
GEL,7.7,33.46,56.4,25.18,22.3,0.0027
GEN,-2.45,4.59,4.88,4.0,3.81,0.0048
GENI,14.83,30.07,26.59,55.75,106.62,0.0019
GEO,9.14,17.18,-3.73,92.4,83.98,0.005
GES,-8.52,2.51,-10.55,-30.73,-55.52,0.002
GEV,1.87,12.36,-3.71,17.83,101.89,0.0596
GFI,-2.02,10.24,45.59,18.17,27.98,0.0036
GFL,2.35,8.26,10.12,20.81,21.2,0.0083
GFS,0.9,-0.73,-2.02,-0.99,-26.13,0.0069
GGAL,-2.59,2.92,-16.13,7.84,78.22,0.01
GGB,-2.95,9.28,7.48,-3.79,-16.98,0.0005
GGG,-2.23,0.79,4.78,3.12,-0.63,0.0145
GH,7.32,13.74,30.29,128.59,57.99,0.0081
GILD,-6.55,0.42,23.13,22.49,63.61,0.0185
GIS,-6.17,-1.56,-1.1,-13.29,-21.22,0.0101
GKOS,2.49,-9.78,-29.4,-16.9,-12.6,0.0187
GL,0.07,9.37,16.28,24.4,50.82,0.0225
GLBE,4.01,-7.6,-23.26,3.89,20.6,0.0068
GLNG,14.41,6.41,-0.23,9.01,51.73,0.0071
GLOB,-6.24,-12.18,-36.7,-39.84,-24.25,0.0225
GLPI,-0.5,9.89,14.01,6.58,11.35,0.0089
GLUE,-15.0,3.43,-0.13,19.92,36.75,0.001
GLW,4.84,2.42,7.67,9.84,28.31,0.0087
GM,3.39,14.39,3.71,0.0,5.83,0.0089
GMAB,-8.89,-10.66,-10.52,-15.87,-41.32,0.0033
GME,7.35,6.04,-19.75,25.2,-12.36,0.0044
GMED,3.8,-1.34,-9.57,4.65,5.89,0.0132
GNL,-3.59,13.94,15.29,4.33,8.15,0.0014
GNRC,2.29,3.06,-10.66,-15.56,-10.26,0.0239
GNTX,-0.43,3.28,-7.57,-20.79,-37.14,0.0042
GNW,3.95,13.04,8.13,7.37,4.95,0.0012
GO,-2.63,-15.26,-18.9,-22.86,-48.18,0.0022
GOGL,-0.48,-11.56,-9.69,-26.58,-49.15,0.0014
GOGO,25.42,5.46,10.85,15.34,-31.67,0.0014
GOLD,-3.14,7.0,21.8,-2.97,6.12,0.0033
GOOG,0.39,-2.5,-10.39,2.69,-11.51,0.0295
GOOGL,0.43,-2.74,-10.9,2.39,-12.05,0.0291
GOOS,-0.57,-22.21,-12.44,-14.96,-48.47,0.0015
GOTU,-20.68,35.44,65.68,7.65,-49.95,0.0006
GPC,-3.9,3.18,6.95,8.06,-23.06,0.0209
GPCR,-5.03,3.7,-19.61,-43.3,-70.23,0.0036
GPK,-4.91,-1.76,-2.15,-13.25,-16.48,0.0044
GPN,1.85,-0.79,-8.33,1.07,-6.49,0.0172
GPRE,-11.27,-17.46,-46.85,-55.26,-79.43,0.0009
GPRK,-7.69,-8.53,-28.32,-3.03,-30.96,0.0013
GRAB,2.19,-0.54,2.33,14.21,17.23,0.0008
GRAL,,,,,,N/A
GRFS,-5.95,7.91,4.52,-10.53,-3.84,0.0013
GRMN,-0.67,-0.14,4.0,33.3,24.18,0.0372
GRND,5.34,-1.18,7.16,38.7,85.0,0.0031
GRPN,10.95,54.4,49.76,76.21,10.69,0.0031
GRRR,-9.3,14.21,65.25,511.01,342.41,0.0047
GS,3.59,-3.29,3.06,14.99,20.44,0.1006
GSBD,-1.06,-3.23,5.66,-4.93,-20.58,0.0021
GSK,-5.8,7.62,18.08,5.81,-12.72,0.0067
GSM,-7.25,9.82,-0.18,-10.11,-42.33,0.0007
GT,1.65,0.23,11.03,15.5,-31.71,0.0016
GTES,0.88,-4.51,2.2,9.73,14.47,0.0035
GTLB,-1.28,-12.71,-12.9,-4.74,7.47,0.009
GTN,1.58,24.33,41.34,-8.59,-23.15,0.0008
GTX,-4.18,-5.33,0.95,19.33,-10.82,0.0015
GV,-28.89,237.68,106.62,239.8,4.32,0.0008
GVA,3.73,-1.19,-9.54,-3.95,20.83,0.0135
GWRE,1.47,1.46,17.59,6.22,73.74,0.0342
GXO,-3.3,6.84,-6.81,-33.01,-28.14,0.007
H,-3.83,-6.67,-16.17,-19.11,-22.75,0.0214
HAE,-2.17,1.37,-14.93,-14.01,-35.7,0.0112
HAFN,-1.18,-7.24,-17.45,-27.69,-53.31,0.0008
HAIN,-8.35,-5.82,-27.75,-54.61,-60.86,0.0007
HAL,-0.12,0.02,-2.07,-7.55,-31.64,0.0044
HALO,0.07,13.04,21.63,30.69,35.51,0.0111
HAS,0.66,-3.53,11.58,-4.48,1.73,0.0107
HASI,-3.05,6.67,8.34,-12.37,-16.26,0.0051
HAYW,-1.56,3.39,0.89,-3.15,-6.63,0.0025
HBAN,2.47,0.43,-3.05,2.48,9.86,0.0027
HBI,0.23,2.46,-24.77,-12.4,10.6,0.001
HBM,1.35,18.11,-3.36,-13.13,-16.81,0.0014
HCA,0.01,8.31,10.05,-7.07,-7.64,0.0579
HCC,-1.96,0.35,-5.4,-19.43,-34.82,0.0084
HD,1.09,-0.67,-2.91,-7.05,3.79,0.0631
HDB,5.15,13.9,11.52,4.08,9.54,0.0114
HE,-2.08,4.6,27.24,14.65,-1.76,0.0019
HES,2.96,9.74,15.47,15.5,-1.22,0.0273
HESM,-2.07,9.68,16.29,26.33,23.63,0.0075
HGV,4.59,-1.45,4.5,3.22,-13.59,0.0068
HIG,-1.11,10.45,13.69,9.49,12.92,0.021
HII,-2.23,26.52,11.95,-17.0,-25.2,0.0357
HIMS,6.21,-23.49,47.94,72.86,70.6,0.0065
HIMX,-8.67,-10.94,11.57,39.98,28.4,0.0015
HIW,-0.56,4.85,4.39,-12.3,10.92,0.0051
HL,-1.8,15.71,12.97,-12.7,-0.3,0.001
HLF,-5.89,-3.41,24.38,20.91,-34.51,0.0014
HLIT,-3.24,6.79,-19.89,-29.14,-21.71,0.0018
HLMN,-3.05,-7.24,-2.1,-12.71,-8.11,0.0016
HLN,-3.28,3.51,9.4,3.64,12.64,0.0018
HLT,-2.52,-6.57,-1.81,-0.69,7.24,0.0403
HLX,4.25,13.8,-1.87,-6.69,-25.43,0.0015
HMC,-1.4,14.7,2.78,0.1,-17.13,0.0052
HMR,,,,,,N/A
HMY,1.21,17.35,49.58,12.93,36.27,0.0022
HNRG,13.09,26.57,11.12,28.69,44.32,0.0023
HNST,-1.63,-5.57,-16.1,44.55,84.61,0.0009
HOG,-1.86,1.06,-8.13,-17.86,-34.15,0.0044
HOLX,-1.52,-1.19,-12.37,-22.73,-26.09,0.0107
HOMB,-1.28,1.82,5.58,8.7,18.63,0.005
HON,-0.95,5.07,-0.72,3.6,-5.15,0.0367
HOOD,13.46,0.46,21.05,79.41,123.72,0.0084
HOPE,-0.3,2.49,-6.81,-12.02,-0.27,0.0018
HOUS,5.39,6.58,25.05,2.03,-10.8,0.0007
HP,-1.16,-4.32,-19.12,-24.28,-33.95,0.0044
HPE,3.25,-16.33,-22.04,-13.4,-12.76,0.0029
HPQ,-1.32,-11.9,-9.87,-19.2,-24.1,0.005
HQY,-11.95,-13.86,-6.9,3.25,-0.7,0.0157
HR,-0.85,5.81,7.24,-0.46,0.76,0.0029
HRB,0.25,3.52,1.01,-9.63,-2.69,0.0092
HRL,-3.97,3.71,-0.39,-4.18,-11.11,0.0051
HRMY,-1.86,3.78,1.71,-0.06,6.25,0.0059
HSAI,-17.1,9.92,41.87,301.76,279.66,0.0033
HSBC,-1.35,10.94,23.65,36.91,28.27,0.0101
HSIC,-3.08,-5.26,2.12,1.78,-7.39,0.0123
HST,-3.46,-3.96,-8.89,-12.4,-22.26,0.0026
HSY,-3.08,-1.92,7.01,-5.06,-23.02,0.0291
HTGC,0.92,-4.11,1.43,2.03,-3.82,0.0033
HTHT,-2.7,10.3,20.07,-0.76,-1.19,0.0065
HTZ,-10.38,-15.26,-10.8,12.39,-21.69,0.0006
HUBB,-0.05,-1.4,-16.78,-20.17,-14.09,0.0606
HUBG,-1.3,-5.76,-10.8,-10.79,-20.07,0.0066
HUM,1.14,10.16,3.88,5.28,-33.05,0.0471
HUN,-8.59,-1.37,3.55,-24.05,-35.51,0.0028
HUT,6.09,-12.36,-38.09,-5.68,36.92,0.0024
HUYA,-27.62,-4.84,13.8,-0.48,-18.93,0.0006
HWC,3.94,1.17,0.9,7.47,14.37,0.0094
HWM,3.65,8.65,20.93,35.13,56.78,0.0236
HXL,-1.16,-4.2,-8.45,-6.79,-22.25,0.01
IAC,4.48,11.74,22.48,-1.55,-5.89,0.0087
IAG,-3.77,6.37,7.68,3.64,51.11,0.001
IBKR,1.55,-12.45,-3.07,23.28,35.95,0.0312
IBM,-3.42,-1.52,14.61,18.12,44.36,0.0431
IBN,4.5,15.79,10.89,8.13,14.95,0.0055
IBO,,,,,,N/A
ICE,-0.22,7.95,22.45,7.32,22.59,0.0304
ICL,-9.05,-0.33,15.67,43.97,18.37,0.001
ICLR,-2.34,-3.78,-13.37,-15.64,-51.01,0.032
IDXX,-1.34,-5.04,0.52,-5.46,-22.74,0.0734
IDYA,-4.45,-9.16,-22.65,-35.85,-60.85,0.0032
IE,4.66,9.73,-0.61,-37.4,-40.79,0.0012
IFF,-6.65,1.48,-2.51,-22.14,-27.06,0.0134
IGT,-3.3,0.77,0.04,-16.26,-24.21,0.003
ILMN,1.1,-2.72,-34.44,-37.29,-20.34,0.0153
IMAX,6.98,6.35,17.06,32.42,64.35,0.0047
IMMR,-1.76,-2.74,-4.52,-6.37,-26.41,0.0014
IMNM,-11.47,-9.23,-21.0,-32.0,-51.44,0.0014
IMVT,-4.53,-1.24,-15.19,-34.97,-31.95,0.0034
INCY,-0.39,-11.57,-11.61,-2.82,-1.81,0.0109
INDV,-0.53,26.03,-13.91,12.92,-53.11,0.0018
INFA,-1.03,-0.38,-25.1,-29.95,-42.44,0.0032
INFY,-1.52,-7.15,-15.85,-13.4,2.92,0.0032
ING,-4.14,18.88,27.83,18.1,6.52,0.0034
INMD,1.91,2.98,21.22,8.96,-8.04,0.0033
INN,-3.53,-6.96,-9.56,-5.84,-12.68,0.001
INOD,-1.22,-18.5,28.01,127.89,206.03,0.008
INSM,0.44,2.79,23.33,12.56,30.26,0.0138
INSW,-2.29,-2.96,-5.56,-19.45,-47.04,0.006
INTA,1.02,-2.89,-0.17,23.35,69.2,0.0107
INTC,-7.35,3.4,24.38,7.49,-27.84,0.0042
INTR,-8.28,12.75,34.55,-12.33,-9.53,0.001
INTU,0.19,11.69,0.64,1.49,-1.32,0.1063
INVA,-2.77,-0.54,2.66,-11.64,-0.28,0.003
INVH,-0.36,11.35,14.19,3.52,-8.57,0.0059
IONQ,3.14,-12.78,-11.11,54.71,229.78,0.0045
IONS,-4.11,8.5,0.64,-13.95,-25.48,0.0058
IOT,6.38,-13.28,-2.21,-11.07,16.8,0.0073
IOVA,-4.57,-30.99,-46.83,-65.28,-64.19,0.0006
IP,0.79,-0.86,-0.03,11.28,13.69,0.0092
IPG,-2.77,-1.2,-2.12,-10.27,-22.57,0.0045
IQV,-0.97,-0.83,-6.37,-12.59,-23.31,0.0323
IR,-2.52,2.79,-5.28,-13.72,-15.45,0.0143
IRBT,-10.38,-51.72,-65.48,-57.25,-73.2,0.0006
IRDM,0.32,-6.25,0.08,-1.25,-12.24,0.0049
IREN,3.0,-20.71,-24.29,-16.17,-22.5,0.0013
IRM,-0.57,3.01,-9.06,-27.65,5.29,0.0156
IRT,-1.58,5.55,14.3,7.78,17.38,0.0036
ISRG,2.42,-10.34,-3.97,0.17,16.08,0.0882
IT,-8.54,-10.02,-10.7,-15.58,-8.61,0.0745
ITCI,-1.44,6.04,62.07,74.42,85.02,0.0228
ITUB,-3.4,12.5,23.24,0.31,-4.24,0.001
ITW,-1.82,1.33,5.79,1.91,-0.9,0.0443
IVR,-0.36,2.7,11.11,9.54,-0.08,0.0015
IVZ,1.09,-6.38,-3.77,-7.26,-2.82,0.0027
J,-1.29,-0.45,-4.67,-11.42,-1.93,0.0214
JACK,-5.04,-11.96,-16.01,-32.29,-52.73,0.0053
JAMF,-2.97,-6.36,-3.47,-20.11,-22.6,0.0023
JANX,-0.9,-1.87,-35.0,-39.87,-43.58,0.0055
JAZZ,-0.35,7.5,20.67,30.34,26.93,0.0246
JBGS,4.03,8.43,8.77,-9.11,4.67,0.0028
JBHT,0.08,-2.95,-11.74,-11.92,-12.38,0.0264
JBI,-4.67,3.35,16.55,-19.58,-48.08,0.0014
JBL,6.77,-2.13,0.01,21.07,22.56,0.026
JBLU,-1.63,-13.26,-23.82,-20.33,-5.15,0.001
JCI,2.53,4.64,8.62,11.84,12.24,0.0147
JD,-7.47,11.9,25.16,7.39,32.57,0.0074
JEF,6.27,-1.0,-19.43,-1.18,30.28,0.0108
JELD,-1.15,11.02,-16.65,-55.55,-67.49,0.0011
JHG,-1.2,-6.84,-7.47,-1.63,9.15,0.0066
JKHY,-4.1,4.05,2.51,-3.97,-1.09,0.03
JKS,-11.2,-1.06,-16.76,-9.72,-25.86,0.0037
JNJ,-1.35,3.33,18.24,3.83,4.11,0.0283
JNPR,-1.63,4.61,-2.79,-5.79,-4.71,0.0063
JOBY,3.66,3.75,-26.12,31.9,30.01,0.0012
JPM,4.41,-1.48,4.57,12.86,17.66,0.043
JWN,-1.05,4.68,4.5,9.65,3.06,0.0042
JXN,4.43,10.39,3.31,-7.78,16.57,0.0153
JYD,23.18,32.03,142.94,461.62,603.41,0.0008
K,-1.48,4.03,4.42,4.13,30.31,0.0143
KBH,0.32,4.72,-2.53,-19.59,-18.33,0.0107
KBR,-1.06,6.28,-7.89,-21.94,-25.95,0.0089
KC,-14.22,-10.98,54.38,493.18,466.18,0.0027
KD,-2.19,-1.32,-3.82,47.44,26.59,0.0061
KDP,-1.6,2.81,11.32,-0.7,-9.85,0.0059
KEX,2.52,6.95,1.82,-16.21,-21.04,0.0181
KEY,3.24,3.62,0.57,0.2,14.73,0.0029
KEYS,1.28,-4.9,-1.2,2.45,7.84,0.0275
KFII,,,,,,N/A
KGC,-0.13,14.01,20.08,16.56,50.58,0.0021
KGS,0.96,-3.78,-2.46,28.59,45.93,0.0068
KHC,-6.65,-2.34,2.0,-13.32,-23.21,0.005
KIM,1.22,2.65,0.46,-6.75,6.67,0.0037
KKR,3.81,-3.42,-15.07,-11.88,11.88,0.0211
KLC,,,,,,N/A
KLG,-9.84,-3.83,15.13,9.27,-9.73,0.0032
KLIC,-1.99,-5.74,-20.22,-16.96,-25.04,0.0063
KMB,-3.12,2.9,12.23,4.22,-5.12,0.0239
KMI,1.68,12.07,5.11,18.35,42.32,0.005
KMT,2.98,5.42,-4.26,-8.03,-17.01,0.0039
KMX,0.69,-7.68,-7.69,2.84,-5.39,0.0128
KN,-1.01,-3.31,-15.71,-7.0,-14.4,0.0028
KNTK,-2.37,-4.19,-6.48,11.76,31.87,0.0093
KNX,-5.95,-7.35,-13.59,-13.15,-13.16,0.0078
KO,-3.3,2.0,15.1,5.28,2.06,0.012
KODK,-8.65,-5.5,8.07,39.37,10.3,0.0011
KR,-3.12,4.41,14.13,15.88,18.75,0.0113
KRC,0.38,8.83,-3.01,-13.64,0.45,0.0061
KRG,0.94,6.78,-0.86,-9.78,-2.37,0.0039
KRMN,,,,,,N/A
KRP,0.75,-5.31,-2.58,-5.64,-14.69,0.0025
KSS,9.95,-18.65,-26.74,-47.5,-62.96,0.0016
KT,-6.67,3.95,14.51,12.66,23.11,0.0031
KTB,0.91,-20.4,-23.02,-13.63,-17.71,0.0113
KTOS,0.38,36.98,14.95,36.52,45.17,0.0056
KURA,3.31,0.69,0.88,-55.61,-72.2,0.0013
KVUE,-1.8,3.91,14.4,5.86,16.53,0.0041
KVYO,-1.36,-14.75,-14.87,-12.37,44.71,0.0059
KW,2.41,3.83,0.06,-15.85,-18.63,0.0016
KYMR,-3.92,-0.95,-14.29,-29.08,-3.49,0.0058
L,-0.38,8.58,8.59,12.1,8.42,0.0153
LAES,-17.59,7.21,-37.55,692.68,180.91,0.0005
LAMR,-2.25,-3.82,-2.22,-13.21,-7.74,0.0196
LAUR,1.27,6.72,8.97,30.63,23.98,0.0034
LAZ,1.32,-0.8,-2.46,-5.55,14.37,0.0082
LAZR,-1.78,19.31,-15.59,-46.87,-79.83,0.0011
LB,,,,,,N/A
LBRDK,1.41,6.58,13.7,4.26,52.08,0.0147
LBRT,2.15,-11.8,-26.43,-14.19,-41.55,0.0026
LBTYA,-4.24,5.19,-5.13,-43.77,-42.58,0.002
LBTYK,-3.67,4.36,-3.91,-43.21,-41.59,0.0021
LC,6.04,-2.97,-24.28,-13.58,33.07,0.002
LDOS,-3.37,9.76,-4.01,-18.36,-14.03,0.0235
LEA,-0.57,3.99,7.49,0.17,-29.02,0.0167
LEG,4.57,-6.37,-9.63,-28.13,-37.97,0.0015
LEGN,-5.87,1.85,13.41,-18.1,-21.12,0.0063
LEN,-2.81,1.73,-6.18,-28.96,-31.22,0.0204
LEVI,-4.06,-11.57,-6.98,-6.18,-39.96,0.0028
LFMD,5.2,10.25,22.15,42.89,-27.99,0.0011
LFST,-3.52,-7.33,-9.66,-0.62,12.8,0.0012
LGF-A,-9.49,-8.41,7.94,16.36,7.27,0.0015
LGF-B,-9.39,-7.3,7.64,16.85,3.48,0.0014
LH,-3.29,-2.09,3.74,4.72,12.3,0.041
LHX,-2.69,9.62,4.82,-15.1,-14.63,0.0365
LI,-5.91,2.92,15.44,-8.37,21.64,0.0045
LILAK,-4.85,-0.74,2.24,-31.92,-34.23,0.0011
LIN,-1.89,4.06,12.22,-1.78,-1.52,0.0796
LINE,,,,,,N/A
LITE,6.16,5.21,-11.02,15.08,62.15,0.0128
LKQ,-4.78,3.48,15.92,11.28,-9.57,0.0071
LLY,3.24,1.73,12.6,-2.09,-4.62,0.15
LMND,-1.82,9.97,9.72,100.97,119.4,0.0064
LMT,-8.61,3.13,-3.99,-20.88,-14.44,0.0754
LNC,-0.79,3.5,23.19,19.04,11.5,0.0065
LNG,3.35,9.89,6.51,27.61,37.25,0.0405
LNT,-2.49,2.24,11.69,6.13,15.75,0.0109
LNTH,-4.86,29.56,8.33,-9.15,12.98,0.0172
LNW,0.69,10.07,27.8,13.32,1.68,0.0186
LOW,1.49,1.84,-2.71,-11.91,0.01,0.0404
LPG,4.18,7.73,-0.36,-18.59,-56.01,0.0041
LPRO,-17.23,-31.82,-37.01,-37.62,-59.82,0.0006
LPX,0.04,1.26,-7.91,-4.4,-3.34,0.0165
LQDA,4.25,2.16,28.23,42.93,0.82,0.0027
LRCX,-2.04,-2.53,4.08,1.71,-19.64,0.0135
LRN,1.2,-2.88,17.55,38.1,73.66,0.0217
LSCC,-0.37,-0.68,16.13,17.37,-5.99,0.011
LSPD,-7.57,-20.15,-32.56,-31.78,-40.41,0.0017
LTBR,-1.84,1.03,77.22,29.27,269.0,0.0016
LTH,5.43,8.35,40.25,38.81,79.12,0.0056
LU,-8.21,2.94,26.2,8.28,37.8,0.0005
LULU,0.78,-5.43,-12.21,10.83,0.19,0.0581
LUMN,-5.77,15.84,-9.41,-23.84,276.71,0.0008
LUNR,14.93,-42.06,-48.39,16.09,79.16,0.0016
LUV,6.81,19.38,9.14,20.41,19.31,0.006
LVS,-6.6,-4.4,-12.52,-19.87,-12.31,0.0072
LW,-1.01,6.74,-8.35,-28.44,-45.4,0.0094
LX,3.4,43.43,94.56,255.19,528.58,0.0019
LXP,-4.79,6.38,13.27,-3.45,-1.1,0.0015
LYB,-5.87,-1.68,2.81,-14.25,-29.1,0.0125
LYFT,-0.05,-0.33,-5.99,-8.18,-28.97,0.0021
LYG,1.07,15.66,46.32,29.85,28.28,0.0007
LYV,2.56,-14.25,0.02,9.9,26.82,0.022
LZ,-4.66,7.65,22.62,34.85,2.69,0.0016
LZMH,,,,,,N/A
M,-0.69,-1.95,-9.32,-6.51,-28.99,0.0024
MA,0.57,0.86,7.98,8.01,13.76,0.0943
MAA,-2.1,4.13,13.28,8.55,14.64,0.0284
MAC,2.4,-5.7,-9.26,0.8,11.58,0.0031
MAG,-1.99,10.49,19.75,-3.15,21.94,0.0029
MAN,-4.16,11.34,8.26,-4.02,-26.72,0.0101
MANH,-0.31,4.18,-32.14,-34.75,-26.02,0.0309
MAR,-3.72,-8.43,-8.45,-6.21,-2.84,0.0421
MARA,11.02,8.79,-17.79,-13.66,-37.8,0.0025
MAS,-2.07,-0.81,0.6,-11.53,-2.52,0.0123
MASS,-9.05,69.88,112.45,29.57,-37.98,0.0007
MAT,-1.63,-1.21,11.99,6.86,5.08,0.0035
MATV,5.3,0.03,-29.59,-56.07,-68.41,0.0012
MAX,1.28,-9.54,-9.6,-48.32,-52.08,0.0017
MBC,0.84,-3.06,-7.31,-22.95,-23.78,0.0024
MBLY,0.38,-4.13,-7.42,21.14,-48.9,0.0026
MC,3.01,-6.93,-12.44,-2.01,9.1,0.0109
MCD,-1.07,3.56,9.7,6.4,9.41,0.053
MCHP,-4.11,-7.8,-1.15,-27.64,-50.52,0.0093
MCK,-0.77,12.82,14.63,31.23,6.59,0.1146
MCO,1.8,-2.57,2.11,2.44,7.05,0.0813
MCW,1.33,15.67,21.3,30.11,11.98,0.0014
MD,0.48,-3.67,16.76,17.86,89.36,0.0025
MDB,0.67,-22.46,-18.04,-25.82,-23.93,0.0342
MDLZ,-1.84,2.98,13.97,-4.74,-11.62,0.0113
MDT,-5.08,3.56,11.56,1.05,2.02,0.0156
MDU,-0.68,7.43,-2.2,9.27,21.23,0.003
MEG,-8.19,-10.42,-23.46,-41.29,-74.0,0.0027
MET,0.83,7.26,4.84,4.24,13.32,0.0146
META,0.68,-3.69,3.97,8.84,21.21,0.1073
METC,-4.66,-3.68,0.56,-9.33,-38.95,0.0016
MFA,-1.35,9.51,12.5,-6.37,4.11,0.0019
MFC,2.59,7.69,4.76,5.97,13.89,0.0054
MFG,0.09,9.33,18.88,45.2,34.1,0.001
MGA,0.33,1.31,-4.57,-9.1,-22.92,0.0065
MGM,-1.63,-7.26,1.72,-18.97,-26.8,0.0056
MGNI,-0.79,-21.32,-16.77,7.19,-9.67,0.0023
MGY,4.36,8.31,6.76,-1.51,-3.59,0.0044
MHK,-0.03,4.55,1.04,-10.29,-8.27,0.0202
MIR,3.11,4.85,-3.98,8.36,42.87,0.0027
MITK,-2.94,-5.58,-14.04,3.67,-36.36,0.0016
MKC,-3.49,2.52,10.36,4.49,9.66,0.0139
MKSI,1.23,-4.85,-15.01,-8.34,-34.61,0.0159
MLCO,-4.76,0.47,2.19,-16.54,-41.4,0.001
MLGO,250.76,210.4,565.58,202.21,-103.18,0.0024
MLI,-3.98,3.77,2.46,-1.65,34.34,0.0138
MLKN,-2.77,-8.93,-9.71,-17.0,-36.8,0.0033
MLYS,12.08,78.42,46.92,19.51,15.38,0.0028
MMC,-0.89,4.36,13.97,7.11,4.8,0.0407
MMM,-1.67,8.88,16.95,24.73,48.75,0.0266
MMS,-3.88,4.13,-11.35,-22.4,-31.45,0.0115
MMSI,2.33,4.74,9.21,9.74,17.44,0.0181
MMYT,9.82,10.51,-2.16,4.89,36.35,0.0186
MNKD,-1.82,-4.64,-12.69,-19.33,5.94,0.0009
MNMD,5.33,-0.02,0.42,15.08,-25.12,0.0012
MNRO,-2.28,-4.69,-21.19,-37.06,-37.92,0.0029
MNSO,-16.71,-2.49,-23.67,6.1,-27.02,0.0032
MNST,1.25,13.63,14.62,9.05,1.81,0.01
MO,-3.75,7.95,14.51,18.93,21.76,0.01
MOD,5.0,14.95,-20.81,-26.36,-9.25,0.0161
MODG,6.85,6.74,-17.48,-28.86,-64.36,0.0012
MOMO,-9.61,-12.38,-2.24,-3.95,14.73,0.0011
MOS,2.52,13.65,15.53,5.02,-13.11,0.0048
MP,-2.49,12.63,39.08,42.65,62.71,0.0046
MPC,0.1,0.97,7.61,-0.59,-22.77,0.0258
MPLX,-3.02,5.0,15.79,28.26,31.46,0.0093
MPW,-0.3,31.28,60.92,37.39,10.63,0.0011
MPWR,-3.61,-0.2,3.67,-29.49,-22.14,0.1089
MQ,2.07,24.36,19.21,-14.77,-24.63,0.0008
MRC,0.83,3.03,-6.01,-2.04,-14.41,0.0021
MRCY,-1.31,13.51,9.01,40.11,44.61,0.0081
MRK,-4.25,5.62,-4.21,-9.04,-35.16,0.016
MRNA,-3.18,4.4,-18.3,-34.94,-85.49,0.0059
MRP,,,,,,N/A
MRVL,1.72,-22.08,-35.88,-10.1,0.85,0.0126
MS,3.72,-0.78,0.38,8.57,22.72,0.0215
MSFT,-0.5,0.9,-4.68,-7.12,-13.98,0.0682
MSI,0.21,5.93,-4.42,-5.97,8.43,0.0744
MSTR,12.46,22.33,3.76,43.96,95.86,0.0582
MT,-2.41,17.88,48.24,34.35,15.29,0.0055
MTB,2.33,-1.19,-1.37,-3.34,18.12,0.0316
MTCH,-0.67,-0.02,1.92,-13.72,-6.54,0.0055
MTDR,3.55,3.39,-8.76,3.95,-16.16,0.0092
MTG,2.75,4.36,4.9,-1.61,6.6,0.0042
MTH,2.37,5.63,-0.73,-18.29,-22.14,0.0127
MTSR,,,,,,N/A
MTZ,4.44,8.53,-7.61,8.68,12.97,0.0228
MU,-7.61,5.21,0.06,-9.35,-32.2,0.0168
MUFG,3.93,19.99,23.66,43.85,26.84,0.0025
MUR,0.62,1.98,-13.3,-14.39,-38.82,0.0047
MUX,1.56,11.07,-4.29,-24.45,-39.25,0.0013
MWA,-1.81,14.5,28.56,29.45,48.74,0.0048
MXL,-0.95,-11.82,-32.6,-9.6,-27.28,0.0023
MYGN,-3.01,-23.97,-29.93,-53.01,-64.33,0.0017
NABL,-3.58,-22.93,-17.52,-38.53,-53.22,0.0013
NAMS,1.2,40.51,-3.52,26.42,18.25,0.0042
NAVI,-1.48,0.73,6.42,-8.43,-13.8,0.0023
NBIS,,,,,,N/A
NBIX,2.05,0.66,-14.11,0.28,-22.4,0.02
NCLH,1.61,-13.14,-17.63,-9.97,6.78,0.0036
NCMI,-1.1,-10.59,-3.38,-16.87,3.71,0.001
NCNO,-0.62,-4.16,-10.97,-22.7,-12.94,0.005
NDAQ,2.21,0.76,2.1,4.99,23.05,0.0134
NE,-1.26,-5.16,-21.5,-21.62,-48.88,0.0042
NEE,-4.46,3.39,2.53,-11.96,-16.22,0.0121
NEM,-3.1,10.55,22.91,-1.45,8.47,0.0081
NEO,1.62,-5.44,-42.86,-21.57,-32.61,0.0018
NEOG,-6.36,-11.37,-29.67,-35.15,-53.28,0.0015
NET,5.19,-12.66,9.66,40.32,73.2,0.0215
NEXT,28.44,24.97,23.13,61.35,9.17,0.0016
NFE,20.69,15.71,-12.42,42.13,-56.96,0.0021
NFG,-0.01,10.37,28.26,28.49,32.99,0.0136
NFLX,0.68,1.94,13.63,29.49,44.89,0.1685
NG,-4.89,12.63,-0.72,-8.75,-23.66,0.0006
NGD,-5.5,17.34,20.43,12.85,49.33,0.0006
NI,-0.41,3.38,12.67,16.86,31.13,0.0069
NICE,1.76,0.61,-3.22,-9.72,-17.62,0.0271
NIO,-14.55,4.06,3.93,-16.03,-24.93,0.0008
NIU,19.17,86.36,144.83,87.48,107.33,0.0007
NJR,-3.13,6.45,8.02,8.13,3.99,0.0084
NKE,-10.19,-12.03,-2.45,-12.96,-36.82,0.0117
NLY,-2.68,3.74,19.29,15.57,11.85,0.0037
NMRK,0.19,-4.28,6.47,-13.9,20.18,0.0022
NN,10.5,17.13,1.54,22.57,60.01,0.0022
NNE,5.95,27.12,25.24,72.39,382.49,0.0057
NNN,-3.64,2.63,10.86,-7.69,-7.53,0.0072
NNOX,3.35,5.27,-27.67,6.58,-31.92,0.0011
NOC,-0.7,14.13,10.14,-3.14,2.82,0.0858
NOG,3.68,-3.45,-18.93,-15.42,-24.26,0.0054
NOK,-2.74,12.38,16.92,12.44,28.4,0.0009
NOV,1.93,5.02,6.52,-2.13,-19.81,0.0026
NOW,-0.82,-4.79,-16.46,-9.94,17.45,0.1473
NRDS,2.92,-5.98,-31.65,-16.07,-38.31,0.0016
NRG,5.37,3.05,7.38,19.25,25.06,0.0178
NRIX,-5.86,-17.27,-29.08,-48.52,-25.36,0.0023
NSA,2.37,6.84,9.1,-6.19,-3.62,0.0067
NSC,-1.13,0.1,2.51,-4.47,-1.01,0.0408
NSSC,-3.85,5.18,-27.0,-34.99,-58.8,0.0043
NTAP,0.34,-19.38,-16.91,-19.28,-28.04,0.0165
NTES,-3.65,4.66,10.84,26.02,4.91,0.0173
NTLA,-4.45,-15.51,-20.0,-40.93,-68.96,0.0016
NTNX,3.8,13.16,22.67,22.42,29.87,0.013
NTR,-0.9,4.24,12.37,11.74,-14.01,0.0091
NTRA,1.44,0.74,-10.35,31.43,36.2,0.0267
NTRS,1.17,-5.77,2.56,3.44,16.56,0.0176
NTST,-2.08,12.58,15.57,1.21,-16.92,0.0027
NU,-2.73,9.68,7.48,-21.06,-6.55,0.002
NUE,-3.25,-2.84,10.35,-8.82,-29.02,0.0221
NUS,-12.66,-0.45,13.8,21.75,-53.61,0.0013
NVAX,-9.86,7.38,-17.43,-20.35,-65.7,0.0013
NVCR,-0.66,-3.27,-29.03,18.86,-22.32,0.0034
NVDA,-0.06,-3.2,-10.79,-13.51,-4.69,0.0211
NVO,-7.64,-13.24,-9.49,-32.86,-54.96,0.0131
NVRI,9.53,8.5,-13.59,-28.74,-32.4,0.0012
NVRO,-1.46,4.83,68.45,27.12,-46.41,0.001
NVS,-2.64,5.32,13.39,-1.67,-3.12,0.0193
NVST,0.18,-14.67,-6.27,-6.77,-14.92,0.003
NVT,1.7,0.46,-13.34,-19.19,-31.94,0.0102
NWBI,-1.22,1.51,-1.74,-3.52,9.96,0.0021
NWG,0.22,14.28,29.87,32.71,47.12,0.0021
NWL,-0.27,9.11,-28.3,-20.78,-16.71,0.0012
NWS,-2.53,-0.94,3.96,11.87,2.54,0.0053
NWSA,-1.08,-0.11,2.3,6.13,-7.99,0.0047
NXE,5.63,-2.91,-22.74,-30.64,-38.37,0.0009
NXPI,-0.52,-5.4,3.71,-12.05,-28.69,0.0366
NXT,-3.15,0.39,8.82,44.37,-24.99,0.0078
NYT,-1.51,4.81,-3.63,-11.37,-12.13,0.0084
O,-2.86,2.27,10.75,-5.32,-1.22,0.0098
OBDC,0.72,3.02,6.21,4.5,-8.74,0.0026
OC,2.59,-3.14,-8.94,-15.46,-21.5,0.0262
OCSL,-0.46,4.87,9.67,2.73,-18.49,0.0027
OCUL,-5.66,16.83,-11.55,-30.9,34.77,0.0013
ODFL,0.74,-2.8,-2.61,-13.09,-9.66,0.0295
ODP,-10.83,-19.99,-32.98,-53.2,-71.79,0.0025
OGE,-1.09,3.49,12.95,13.28,18.46,0.0078
OGN,-3.49,5.26,0.12,-6.71,-31.84,0.0027
OHI,-2.2,9.45,4.8,-4.66,12.95,0.0066
OI,-2.38,8.9,16.8,-1.03,-11.13,0.0021
OII,5.84,3.88,-15.72,-12.2,-4.22,0.0038
OIS,4.46,8.05,6.59,25.99,22.71,0.0009
OKE,2.29,7.86,3.08,8.77,24.75,0.0177
OKLO,8.76,-5.7,20.88,62.45,251.68,0.0054
OKTA,-0.99,31.66,38.73,61.8,25.36,0.0202
OLED,-3.53,1.14,4.06,-22.93,-21.72,0.0266
OLLI,3.11,16.02,6.16,20.0,22.91,0.0188
OLMA,-4.55,-6.77,-22.32,-61.9,-78.12,0.0007
OLN,0.1,-0.15,-17.11,-37.36,-58.18,0.0044
OLO,3.68,1.81,-11.38,29.89,34.96,0.0011
OMC,-2.71,-0.75,-2.27,-18.99,-19.21,0.0138
OMF,7.18,3.28,5.21,18.8,8.97,0.0092
OMI,-7.71,48.68,-33.12,-30.17,-55.29,0.0016
ON,2.07,-10.85,-19.11,-35.19,-45.13,0.0079
ONB,0.22,-3.38,4.41,17.09,24.84,0.0037
ONON,-1.09,2.72,-10.45,-3.9,9.37,0.0084
ONTO,0.42,-7.16,-24.14,-30.36,-41.57,0.0244
OPCH,0.79,11.8,46.33,18.56,5.48,0.006
OPFI,16.53,3.6,35.51,117.13,226.28,0.0019
OR,0.2,14.27,13.03,-0.03,16.7,0.0036
ORA,-3.76,7.45,6.5,-8.8,-14.23,0.0123
ORC,-3.42,-2.11,10.88,12.71,2.43,0.0014
ORCL,-1.07,-5.27,-2.29,-9.83,20.96,0.0269
ORGO,7.43,74.04,75.71,94.27,106.94,0.0009
ORI,0.72,8.74,15.15,20.58,24.77,0.0067
ORLA,-3.9,33.53,56.9,78.8,119.03,0.0016
OS,,,,,,N/A
OSCR,2.16,-4.97,-6.15,-13.08,-35.33,0.0024
OSK,0.16,-0.51,10.23,-5.45,-18.66,0.0171
OSUR,0.89,-4.67,1.2,-8.48,-30.29,0.0006
OSW,3.6,0.79,-1.84,5.81,6.47,0.0032
OTEX,1.91,3.68,-0.83,-17.68,-10.58,0.0047
OTIS,-1.64,6.34,13.43,1.61,-5.57,0.0176
OUST,30.45,39.52,-8.21,49.57,-9.71,0.0019
OUT,-0.66,-3.17,-2.83,-5.08,17.24,0.0029
OVV,3.04,3.25,4.7,8.8,-15.78,0.0075
OWL,6.82,2.64,-3.99,-3.98,18.72,0.0037
OXY,-0.23,0.2,-3.36,-5.5,-27.57,0.0083
OZK,0.68,-0.46,8.31,5.69,9.26,0.0079
PAA,-0.58,3.01,12.22,24.38,17.43,0.0035
PAAS,-4.74,8.64,23.21,5.8,20.24,0.0045
PACK,-4.95,-13.84,-7.64,1.04,-10.19,0.001
PAGP,-1.3,3.65,12.1,24.78,17.56,0.0037
PAGS,-1.99,10.16,34.76,0.94,-39.16,0.0014
PANW,-1.74,0.66,9.47,1.56,18.4,0.032
PARA,-1.97,3.78,12.41,15.03,-12.13,0.002
PARR,-4.68,-4.74,-13.11,-14.45,-52.85,0.0025
PATH,2.36,-11.73,-13.98,-8.53,-13.6,0.0019
PAX,-1.71,3.86,4.27,3.81,-16.05,0.002
PAYO,5.48,-17.14,-19.7,-5.64,25.77,0.0014
PAYX,-3.76,0.23,6.49,5.27,12.68,0.0251
PB,0.23,-0.96,-0.03,2.13,13.68,0.0125
PBA,1.14,14.83,11.07,-4.9,3.23,0.007
PBF,-13.42,-10.27,-23.81,-36.83,-64.55,0.0034
PBI,1.79,-5.25,36.49,38.62,75.64,0.0017
PBR,-1.13,-0.38,6.8,9.8,-7.13,0.0024
PBR-A,-1.71,0.06,8.43,1.97,-15.08,0.0022
PCAR,-4.13,-3.56,-6.26,-2.94,-12.36,0.0171
PCG,-1.57,10.54,-8.52,-15.11,-15.33,0.003
PCOR,1.66,-6.93,-3.17,15.28,1.28,0.0125
PCRX,4.93,1.98,36.24,48.29,-27.61,0.0043
PCT,7.35,-13.01,-13.9,-41.72,46.15,0.0014
PCVX,-3.5,-6.02,-6.39,-33.94,-4.94,0.0128
PD,5.46,10.87,11.75,8.38,-9.05,0.0034
PDCO,-1.56,4.02,3.68,49.55,21.24,0.0054
PDD,-2.23,10.58,30.26,5.31,-21.17,0.0222
PDM,-0.4,8.99,-11.84,-25.14,-2.9,0.0013
PDYN,-3.06,20.64,2.41,239.54,365.37,0.0013
PEB,-5.3,-7.34,-16.56,-14.01,-36.12,0.0018
PECO,0.19,4.72,1.13,0.6,6.92,0.0062
PEG,-0.29,3.18,1.04,-4.94,6.56,0.0144
PENN,-1.11,-14.05,-2.59,-12.16,-3.59,0.003
PEP,-4.86,-0.36,3.37,-12.57,-21.98,0.0254
PFE,-1.28,1.69,1.47,-4.45,-16.2,0.0045
PFG,0.0,4.68,12.37,4.34,0.74,0.0148
PFGC,0.16,-1.73,-6.02,-4.29,4.0,0.0136
PFLT,-0.19,3.84,7.54,3.48,-0.68,0.002
PFS,0.19,1.58,-2.71,-3.94,21.72,0.003
PG,-4.05,0.74,5.36,-0.23,-8.02,0.0287
PGNY,3.82,-0.65,23.37,43.42,-27.78,0.0038
PGR,-7.54,4.11,17.2,15.26,22.87,0.0475
PGRE,0.56,-3.06,-11.74,-16.46,-17.78,0.0007
PGY,6.73,-4.72,39.55,4.36,2.97,0.0022
PH,1.75,1.1,2.95,4.54,17.34,0.1114
PHAT,33.7,26.26,-3.21,-58.49,-45.78,0.0011
PHG,-6.81,1.56,2.78,-18.94,-13.03,0.0044
PHM,0.47,7.91,-1.42,-19.08,-14.56,0.0184
PHUN,1.39,-4.48,-39.2,-70.34,-56.61,0.0005
PHYS,-1.63,5.22,16.13,9.7,19.52,0.004
PII,-4.08,-1.66,-18.82,-37.55,-53.26,0.0074
PINC,2.63,7.95,-6.17,-0.65,-4.89,0.0033
PINS,4.51,-4.27,12.81,5.92,-25.32,0.0059
PK,-3.5,-4.68,-12.51,-12.61,-29.55,0.002
PKG,-0.47,-0.03,-9.01,-9.32,4.08,0.0348
PL,-5.71,-10.74,5.64,74.61,115.72,0.0007
PLAY,10.15,-8.49,-25.43,-42.69,-67.63,0.0037
PLD,-4.42,-4.25,7.99,-3.84,-4.17,0.0191
PLNT,2.27,6.55,4.02,25.7,52.52,0.0177
PLTK,-6.46,-31.68,-32.08,-40.18,-56.1,0.0008
PLTR,9.13,10.3,44.35,116.37,328.78,0.0168
PLYA,-1.63,3.57,9.2,53.57,47.1,0.0023
PM,-3.44,1.43,28.01,19.74,43.57,0.0263
PMT,-0.67,8.0,21.24,12.45,8.0,0.0026
PNC,-0.17,-1.97,-6.02,-3.51,8.55,0.0306
PNR,1.45,0.61,-6.91,-8.29,5.67,0.0156
PNW,-2.87,4.67,15.04,8.46,14.12,0.0161
PODD,3.11,0.27,3.91,17.99,41.73,0.0475
POET,1.86,3.36,-22.14,8.77,125.46,0.0007
PONY,,,,,,N/A
POR,-3.52,2.73,5.48,-7.4,-6.3,0.0075
POST,-3.79,0.58,6.19,0.95,-3.04,0.0193
PPBI,-3.2,-3.34,-4.88,-9.4,-2.12,0.0038
PPC,0.75,-2.36,13.08,10.59,37.51,0.0088
PPG,-2.38,3.12,0.77,-8.95,-21.74,0.0196
PPL,-2.68,4.12,11.53,9.66,13.6,0.006
PPTA,2.77,42.46,-8.33,16.66,55.7,0.0019
PR,2.42,5.36,-2.01,4.59,-11.74,0.0025
PRA,45.79,67.74,55.32,55.1,56.9,0.004
PRCH,7.43,78.16,49.13,436.64,248.29,0.0012
PRCT,1.54,-2.92,-27.02,-10.75,-18.5,0.0106
PRG,3.77,2.04,-29.54,-32.53,-32.07,0.0048
PRGO,-3.5,13.51,13.28,11.26,-5.88,0.0048
PRGS,-2.24,2.01,-10.61,-14.56,1.6,0.0095
PRIM,-0.1,5.64,-14.3,8.35,15.14,0.0114
PRKS,2.56,-4.87,-8.44,-3.53,-13.84,0.0088
PRM,-0.31,-6.54,-20.58,-30.16,18.74,0.0016
PRMB,-2.22,-3.9,6.89,21.47,38.51,0.0056
PRTH,2.51,-21.51,-26.84,53.74,82.67,0.0014
PRU,1.05,6.08,-0.67,-5.5,-9.73,0.0196
PRVA,1.3,1.2,16.83,36.22,28.0,0.0041
PSA,-3.45,1.8,3.36,-9.9,0.89,0.0511
PSEC,-3.25,1.86,4.64,-15.2,-26.48,0.0007
PSLV,-4.47,6.43,14.67,0.08,4.03,0.002
PSN,0.46,6.52,-31.64,-41.28,-27.61,0.0105
PSNL,-0.58,-12.46,-28.88,-17.77,175.44,0.0007
PSTG,2.69,-13.6,-15.16,-1.47,-21.51,0.0092
PSX,-3.73,3.12,12.32,1.14,-14.24,0.0219
PTC,0.05,2.91,-9.88,-12.97,-14.84,0.028
PTCT,-1.87,17.62,29.17,40.65,41.44,0.0099
PTEN,6.0,6.9,4.0,6.26,-23.54,0.0015
PTGX,-2.53,49.52,42.18,11.85,70.22,0.0091
PTLO,-5.91,-2.44,41.13,-0.39,18.37,0.0022
PTON,9.45,-12.83,-12.63,17.26,93.21,0.0013
PTVE,-1.35,4.17,4.77,57.22,43.2,0.0031
PUK,3.57,22.39,42.53,28.33,1.6,0.0037
PUMP,9.34,-11.5,-21.71,-1.37,-23.14,0.0013
PVH,4.38,-8.11,-30.66,-24.93,-50.79,0.012
PWP,4.51,-6.64,-8.52,2.06,31.86,0.0036
PWR,2.48,10.95,-8.28,-8.93,-5.8,0.0483
PX,3.15,0.72,-5.56,11.71,46.63,0.0021
PYCR,-1.49,4.55,3.63,56.87,78.69,0.0039
PYPL,0.27,-2.08,-16.75,-12.44,3.06,0.0123
PZZA,-8.64,-6.88,18.86,-11.91,-15.08,0.0076
QBTS,-23.63,39.64,45.5,739.16,566.97,0.0015
QCOM,-0.28,3.51,3.72,-4.29,-29.43,0.0278
QDEL,-0.77,-9.38,-18.14,-4.91,-24.6,0.0063
QFIN,-7.32,13.49,21.05,28.35,128.11,0.0077
QGEN,-1.68,3.33,-9.52,-3.51,-17.86,0.0069
QMCO,-21.5,34.56,-42.67,247.88,74.19,0.003
QRVO,-1.78,0.47,2.31,-25.66,-34.37,0.0126
QS,2.86,-3.2,-15.99,-24.02,-26.38,0.0008
QSR,-1.35,9.65,10.79,-2.47,-9.77,0.0116
QTWO,5.64,0.17,-14.5,0.05,28.71,0.0144
QUBT,7.47,31.16,-9.16,703.45,1148.18,0.0015
QURE,0.02,32.26,-4.68,126.71,163.51,0.0026
QXO,4.52,16.07,-7.14,-7.85,-98.44,0.0024
RARE,-2.34,-2.32,-7.28,-26.17,-12.81,0.0068
RBA,0.53,0.94,13.33,18.55,29.72,0.0174
RBLX,5.76,3.78,1.14,45.88,65.8,0.0106
RBRK,2.07,12.08,18.8,87.14,129.89,0.0127
RC,-1.43,-21.77,-22.38,-23.77,-42.82,0.0009
RCAT,1.65,-10.78,-46.9,123.0,517.18,0.001
RCI,-6.04,-0.57,-8.79,-26.42,-40.19,0.0047
RCKT,-2.76,-9.53,-23.41,-48.07,-69.73,0.0015
RCL,1.1,-1.22,2.09,13.54,37.46,0.0391
RCUS,-1.96,-6.63,-36.33,-43.42,-52.0,0.0016
RDDT,-2.12,-20.93,-24.82,54.26,120.25,0.0217
RDFN,-6.98,40.06,47.83,8.61,52.62,0.0019
RDN,1.35,3.98,6.08,-1.0,-3.19,0.0056
RDNT,4.1,-10.24,-25.72,-21.21,-20.16,0.009
RDUS,-1.0,122.97,160.75,87.28,76.9,0.005
RDW,3.38,-26.18,-26.33,34.92,114.88,0.002
RDY,2.08,5.24,-10.74,-9.55,-6.29,0.0024
REAL,12.18,2.0,-20.02,131.41,65.68,0.0012
REAX,-3.38,-6.75,9.69,-11.58,-4.35,0.0008
REG,-0.22,2.0,6.81,4.67,13.37,0.0126
REGN,-4.2,-3.72,-7.23,-28.37,-42.37,0.1146
RELY,5.75,-11.61,-6.84,42.61,53.1,0.0036
REPL,-7.83,-15.2,-1.62,-5.1,108.95,0.0019
RERE,-13.7,10.97,19.34,19.3,17.45,0.0005
RES,1.92,-2.49,-6.88,-5.08,-21.65,0.001
REXR,-2.15,3.41,7.57,-5.63,-16.88,0.007
REYN,-2.09,-1.28,-7.75,-18.93,-24.64,0.0041
REZI,2.72,-1.73,-15.63,-7.69,-20.97,0.0032
RF,1.76,-0.37,-2.96,-2.64,14.05,0.0039
RGC,119.99,798.8,703.33,782.42,784.25,0.0071
RGEN,-6.64,-8.29,-3.63,7.86,-10.76,0.0252
RGNX,22.66,29.15,7.49,-6.25,-48.25,0.0015
RGTI,-13.99,0.25,-0.04,702.34,849.82,0.0017
RH,12.8,-21.92,-34.3,-20.13,-13.3,0.0447
RHI,0.93,-4.78,-15.25,-16.83,-20.68,0.0095
RHP,-2.54,1.83,-3.45,-9.36,-14.18,0.0167
RIG,0.26,0.6,-16.5,-21.28,-49.19,0.0006
RILY,-10.15,-6.53,-8.95,-30.27,-91.53,0.0007
RIO,-3.68,6.31,12.45,-0.59,-11.93,0.0108
RIOT,10.74,-9.11,-24.91,-8.85,-18.82,0.0015
RITM,-1.46,3.01,10.12,15.85,3.35,0.002
RIVN,8.99,5.53,-11.67,17.35,-0.35,0.0021
RJF,-1.29,-0.83,-6.5,1.06,14.14,0.0251
RKLB,4.18,-6.53,-23.59,81.47,363.2,0.0035
RKT,-9.07,14.6,41.69,-10.04,-7.67,0.0024
RL,5.65,-10.76,-0.34,20.58,22.94,0.0409
RLJ,-6.99,-5.02,-9.85,-4.11,-20.0,0.0015
RMBS,6.37,1.46,5.68,36.03,-0.04,0.0102
RMD,-2.44,0.67,-2.86,-11.87,-2.73,0.0386
RNA,-3.2,12.68,13.81,-25.48,11.22,0.0058
RNG,2.33,0.63,-13.84,-16.3,-26.37,0.0049
RNST,1.25,3.02,5.73,9.03,17.86,0.0062
ROIV,-1.81,6.55,0.82,-8.45,-8.07,0.0019
ROK,0.65,-4.83,-1.17,0.9,-2.44,0.0465
ROKU,15.0,-7.37,0.41,8.62,31.58,0.0141
ROL,-0.63,5.68,15.79,13.85,2.68,0.0091
ROOT,15.01,82.48,132.06,370.65,249.17,0.0308
ROP,-1.44,3.62,15.55,7.26,-2.42,0.1
ROST,1.6,-1.05,-13.64,-9.23,-16.37,0.0224
RPD,0.43,-2.05,-21.46,-22.97,-24.53,0.0051
RPRX,0.58,3.46,32.22,27.81,18.76,0.0059
RRC,2.73,10.92,11.2,31.11,6.08,0.0071
RRR,-2.2,-7.55,5.83,-12.59,-18.74,0.0078
RRX,3.43,-3.12,-17.29,-24.38,-19.61,0.0216
RSG,-1.53,5.01,16.57,19.14,18.04,0.0409
RSI,3.08,-10.68,-19.73,10.58,20.6,0.002
RTO,0.36,-8.8,-3.76,-7.88,-26.66,0.0039
RTX,0.37,10.99,19.33,9.43,17.8,0.0234
RUM,-2.86,-14.66,-28.7,41.72,23.84,0.0014
RUN,-10.09,-21.25,-38.11,-54.9,-63.43,0.0011
RVLV,3.47,-17.32,-21.39,-4.77,21.25,0.0041
RVMD,-1.09,-0.98,-8.89,-14.55,-10.11,0.0068
RVTY,-5.71,-1.9,-4.12,-5.9,-8.76,0.0188
RWT,-1.91,3.16,2.26,-12.39,-2.51,0.0011
RXO,-0.67,0.45,-21.94,-31.72,-15.67,0.0033
RXRX,-2.36,-20.95,-3.93,5.48,-28.26,0.0012
RY,1.2,1.36,-2.19,-4.65,0.76,0.0201
RYAAY,-5.16,5.39,6.19,3.05,-14.87,0.008
RYAN,-0.19,11.16,21.17,6.32,19.74,0.0125
RYN,-1.66,11.37,11.81,-3.5,-7.38,0.0048
RYTM,1.01,1.89,-4.63,11.35,30.24,0.0093
S,4.72,-4.48,-8.08,-22.72,7.85,0.0035
SABR,0.41,-14.58,4.58,-11.33,6.08,0.0006
SAGE,0.74,13.22,42.89,3.2,-32.13,0.0014
SAIC,-4.09,13.99,-1.19,-23.11,-15.04,0.0189
SAIL,,,,,,N/A
SAN,-0.03,17.45,52.55,46.11,31.55,0.0012
SAND,-0.75,15.72,22.93,11.9,16.86,0.0012
SAP,0.67,0.51,11.32,16.71,40.68,0.0478
SARO,,,,,,N/A
SATL,-2.12,28.1,29.99,311.27,283.23,0.0007
SATS,0.58,-3.71,17.32,7.66,29.99,0.0047
SBAC,-2.63,6.88,12.61,-7.98,2.66,0.0379
SBH,-2.08,0.45,-14.57,-28.19,-35.0,0.0015
SBLK,-3.02,10.41,12.37,-11.85,-41.15,0.0028
SBRA,-3.16,12.86,5.39,-3.75,16.36,0.003
SBS,-4.01,6.35,22.46,8.39,13.13,0.003
SBSW,4.24,24.89,25.56,-11.47,-13.84,0.0008
SBUX,-5.02,-11.83,6.48,0.21,8.67,0.0166
SCCO,0.17,10.86,7.52,-11.28,-15.78,0.0173
SCHW,1.19,3.41,12.44,12.78,3.27,0.0139
SCI,-1.63,3.45,3.85,6.6,4.41,0.0137
SCS,-3.17,-8.41,-1.52,-11.92,-25.11,0.0019
SDGR,-5.76,8.49,14.45,29.37,-2.19,0.0039
SDRL,3.78,-6.02,-28.88,-33.01,-55.8,0.0045
SE,-4.01,5.41,20.95,31.29,75.76,0.0224
SEDG,-2.66,-3.22,17.29,7.46,-72.69,0.003
SEE,-3.68,-3.77,-9.09,-16.29,-33.45,0.0051
SEI,15.14,-25.34,-14.87,80.48,178.46,0.0041
SEIC,1.67,0.37,-2.42,4.4,8.12,0.0134
SEM,-3.61,-5.09,-7.13,-0.05,-16.24,0.0029
SEMR,3.62,-30.55,-8.84,-17.18,-39.7,0.0018
SERV,-2.14,-21.27,-51.08,-19.32,180.59,0.0014
SFD,,,,,,N/A
SFIX,4.22,-22.32,-20.37,34.97,33.32,0.0007
SFL,-3.3,-8.57,-20.05,-21.35,-47.44,0.0014
SFM,1.51,4.96,6.27,22.57,76.6,0.0252
SG,6.7,19.17,-16.38,-29.58,-24.71,0.0045
SGHC,2.99,-10.47,22.96,69.85,90.08,0.0012
SGI,0.48,-6.01,7.3,22.14,6.55,0.01
SGRY,-1.67,0.54,17.43,-16.54,-14.47,0.0042
SHAK,6.77,-13.81,-25.56,-12.86,-4.86,0.0166
SHC,0.72,-5.72,-6.27,-19.96,-4.1,0.0021
SHEL,0.05,10.17,13.87,9.61,-4.14,0.0124
SHLS,0.52,-22.29,-42.12,-35.33,-62.82,0.0006
SHO,-1.73,-3.11,-15.97,-2.46,-9.8,0.0017
SHOO,4.85,-24.68,-30.37,-38.01,-45.44,0.0048
SHOP,11.51,-1.76,4.07,38.94,71.09,0.0189
SHW,-1.49,3.49,4.3,-3.47,3.73,0.0594
SIG,25.09,23.84,-15.19,-32.6,-51.55,0.0106
SIRI,2.28,-0.6,14.85,-6.66,-14.49,0.0042
SITC,1.19,-6.57,-9.49,-21.4,-86.4,0.0023
SJM,-1.74,4.32,9.64,-1.07,-5.99,0.0194
SKT,1.49,-3.59,4.66,1.51,15.91,0.0058
SKX,-0.03,-1.79,-13.27,-0.75,-25.15,0.0101
SKYT,-4.95,-8.49,-31.7,-21.63,1.15,0.0014
SLB,-0.98,4.01,10.74,1.94,-10.4,0.0072
SLDB,-12.45,-10.73,21.16,-15.59,-48.11,0.0008
SLG,0.4,-2.31,-4.66,-20.32,6.03,0.0103
SLGN,-1.13,-4.17,1.02,-0.19,1.89,0.0087
SLM,2.34,3.49,13.7,40.9,38.12,0.0053
SLNO,-0.6,15.0,15.17,-8.01,13.35,0.0087
SLQT,5.32,-8.09,-3.55,93.2,14.79,0.0007
SM,3.49,-2.34,-22.51,-25.79,-39.7,0.0055
SMCI,-2.15,-15.56,30.48,-11.04,-54.93,0.0072
SMFG,0.37,11.24,13.01,33.81,14.19,0.0028
SMG,-6.2,0.94,-9.63,-30.57,-14.64,0.0101
SMMT,1.15,13.42,12.48,-1.98,174.23,0.0036
SMPL,-4.68,-7.07,-4.26,0.52,-20.08,0.0058
SMR,5.64,5.88,-1.52,3.25,161.49,0.0033
SMTC,0.68,13.61,-37.78,-10.58,-1.08,0.007
SN,0.68,-6.72,-7.35,-15.05,11.99,0.016
SNAP,4.49,-4.84,-18.22,-8.01,-44.93,0.0017
SNBR,-3.9,-49.84,-51.67,-48.19,-65.16,0.0012
SNCY,0.96,-14.41,-8.82,10.68,19.04,0.0024
SNDK,,,,,,N/A
SNDR,-2.88,-6.83,-15.84,-14.05,-1.67,0.0041
SNDX,3.66,-8.78,1.97,-26.08,-36.05,0.0024
SNN,-5.07,10.26,17.8,-0.5,1.94,0.0049
SNOW,2.71,-0.93,3.87,41.31,10.1,0.0283
SNPS,-0.69,0.99,-6.26,-8.04,-27.51,0.0794
SNV,4.84,-0.6,-3.26,3.17,25.82,0.0085
SNX,-0.34,-4.31,9.48,8.98,-6.19,0.0226
SNY,-6.7,7.66,16.16,3.62,4.66,0.0097
SO,-3.46,3.59,10.51,-0.94,3.9,0.0154
SOC,0.46,-8.15,16.3,25.83,69.31,0.0045
SOFI,9.73,-0.85,-3.16,25.54,95.17,0.0024
SOLV,-2.89,0.88,10.14,2.08,24.43,0.0129
SON,-2.52,5.09,2.55,-9.33,-29.98,0.0081
SONO,1.72,-0.31,-15.96,-5.25,-32.39,0.0021
SONY,1.47,5.5,24.21,44.11,37.87,0.0044
SOUN,0.65,12.94,-28.81,99.73,100.13,0.0018
SPCE,14.8,1.66,-28.98,-42.0,-85.65,0.0007
SPG,-2.07,-5.31,-1.18,0.47,5.48,0.0288
SPGI,0.33,-1.72,4.36,3.78,8.32,0.0874
SPHR,-2.15,-24.15,-18.87,-25.97,-23.58,0.0056
SPNT,5.92,17.64,11.24,21.25,18.05,0.0028
SPOT,-0.42,4.12,28.6,60.18,76.11,0.1048
SPR,4.2,8.19,7.47,13.87,5.89,0.0062
SPRY,11.05,22.63,15.32,-12.03,35.18,0.0022
SQM,-6.79,12.21,13.07,6.38,-14.25,0.0075
SRAD,11.29,11.29,26.41,87.31,112.48,0.004
SRE,-1.85,-15.07,-11.84,-14.7,-15.04,0.0122
SRPT,-26.32,-24.09,-37.0,-41.1,-45.24,0.0132
SRRK,-4.25,-5.41,-14.69,13.74,236.0,0.0059
SSB,0.6,-0.38,1.65,0.68,19.62,0.0164
SSL,-8.07,-11.6,-5.37,-30.67,-44.09,0.0007
SSNC,-0.83,-2.79,11.72,19.56,25.08,0.0143
SSP,21.24,82.7,29.35,29.04,4.62,0.0005
SSRM,-3.27,6.85,46.87,76.47,120.51,0.0019
ST,-1.45,-2.13,3.23,-19.47,-38.99,0.0048
STAA,-0.72,13.16,-20.59,-40.83,-64.71,0.0031
STAG,-5.37,1.54,6.8,-4.64,-7.51,0.006
STE,-3.74,3.31,9.03,0.46,-10.69,0.0387
STEP,1.85,1.39,-3.91,-5.64,19.25,0.0098
STIM,-9.34,8.31,213.88,372.42,136.79,0.0008
STKL,-5.55,-25.4,-27.33,-10.07,-24.46,0.0009
STLA,-3.94,-8.49,-1.29,-9.27,-52.44,0.0021
STLD,-0.25,-1.27,11.29,-1.16,-8.32,0.022
STM,-5.81,-7.67,-1.25,-13.12,-52.05,0.0042
STNE,9.46,20.79,44.58,-0.52,-24.27,0.002
STNG,-2.42,-1.09,-21.14,-34.84,-58.34,0.0069
STOK,-9.52,1.13,-4.93,-29.7,-56.86,0.0014
STRL,9.54,26.89,-17.27,-10.39,9.98,0.0232
STT,4.12,-2.17,-2.44,4.24,18.64,0.0161
STWD,-1.83,3.91,8.66,3.62,2.25,0.0035
STX,-2.73,-6.95,3.48,-11.75,-9.5,0.0154
STZ,-3.44,4.34,-14.75,-23.22,-35.94,0.0313
SU,0.44,1.76,2.75,-0.71,-5.94,0.0067
SUI,-2.9,0.71,8.84,-1.19,3.62,0.0226
SUPN,0.05,3.67,-11.54,-2.93,8.12,0.0057
SUPV,0.41,4.11,-22.01,59.02,109.44,0.0024
SUZ,-3.4,-1.33,-4.46,-8.72,-2.69,0.0016
SVM,-4.52,12.52,34.25,-13.19,0.89,0.0007
SVV,-0.47,-6.78,-22.85,-24.94,-57.68,0.0012
SW,,,,,,N/A
SWI,-1.19,4.26,33.41,47.78,50.72,0.0032
SWIM,-2.37,7.66,4.85,3.0,75.25,0.0012
SWK,-1.08,-0.99,4.08,-17.35,-7.52,0.0142
SWKS,-3.84,7.35,-22.16,-25.45,-30.97,0.012
SWTX,-4.3,-10.63,22.35,66.2,15.67,0.0084
SXC,1.46,4.8,-4.59,12.46,-10.93,0.0016
SYF,2.82,-4.24,-12.3,2.74,24.1,0.0097
SYK,-1.42,0.09,5.34,7.02,1.19,0.0649
SYM,3.7,-0.0,-8.61,-13.6,-48.09,0.0041
SYRE,0.96,-6.93,-18.27,-44.66,-53.22,0.0033
SYY,-6.04,0.59,-2.02,-2.01,-8.68,0.0124
T,-1.14,4.43,25.64,25.77,43.96,0.0047
TAC,-0.7,-5.67,-23.7,-3.04,29.04,0.0017
TAK,-2.75,10.21,15.91,11.31,3.01,0.0026
TAL,-10.15,1.66,40.01,20.01,10.74,0.0023
TALO,4.12,7.68,-5.18,-11.52,-24.05,0.0016
TAP,-1.8,1.19,9.98,8.56,6.5,0.0103
TARS,8.63,18.58,-2.67,33.56,49.62,0.0091
TBBB,5.35,-0.27,-8.38,-21.02,2.15,0.0046
TCOM,-5.77,2.93,1.5,4.53,19.03,0.0111
TD,-0.32,5.54,15.78,9.59,4.1,0.0105
TDC,2.54,3.77,-19.5,-23.44,-32.95,0.0042
TDOC,-2.19,-18.96,-7.27,3.62,-27.86,0.0015
TDS,4.18,5.99,14.85,30.39,55.23,0.0065
TDW,4.62,-8.46,-18.59,-27.13,-61.71,0.0076
TEAM,4.54,-13.8,-1.49,25.01,39.55,0.0407
TECH,-4.04,-3.24,-16.14,-10.18,-29.32,0.0106
TECK,-3.64,6.4,3.82,-10.43,-20.81,0.0073
TEF,-5.87,6.8,15.55,-1.47,-10.76,0.0008
TEL,-0.1,0.85,6.22,0.6,-8.03,0.0258
TEM,,,,,,N/A
TENB,-2.69,-2.27,-3.96,-11.96,-18.62,0.0063
TER,-0.71,-16.28,-31.03,-17.69,-43.62,0.0158
TERN,6.37,-2.29,-30.53,-46.68,-49.31,0.0006
TEVA,-4.8,0.03,-22.16,-8.91,-11.71,0.0028
TEX,1.58,1.56,-6.08,-22.72,-35.08,0.0071
TFC,1.05,-3.43,-0.46,1.83,10.1,0.0073
TFX,-0.36,-16.52,-17.73,-38.46,-42.81,0.0245
TGI,-1.31,4.36,39.26,75.27,72.15,0.0044
TGNA,3.14,11.36,5.41,17.68,22.72,0.0032
TGT,0.91,-10.25,-18.4,-26.49,-35.32,0.0188
TGTX,2.15,50.43,50.65,83.1,153.86,0.0074
TH,5.38,24.59,-34.59,-17.84,-55.26,0.0011
THC,-0.46,2.03,1.99,-6.66,-11.08,0.0225
THO,-2.34,-15.78,-12.17,-20.76,-23.07,0.0141
THS,-7.99,-13.19,-21.62,-29.19,-38.19,0.0045
TIGO,-3.75,11.59,21.95,11.91,13.23,0.0051
TIGR,9.16,28.15,44.05,43.35,109.02,0.0015
TILE,3.0,-0.95,-10.46,13.24,24.85,0.0035
TIMB,-2.55,5.3,27.94,4.04,-8.77,0.0026
TJX,2.81,2.07,1.16,6.42,5.05,0.0207
TK,-0.57,1.55,-4.04,-13.46,-39.45,0.0012
TKC,-23.92,-15.04,-10.45,-5.21,-32.8,0.001
TKO,3.37,-1.02,10.26,33.73,33.52,0.0265
TKR,-0.22,-0.77,6.11,-8.37,-16.74,0.0132
TLK,-9.33,-8.49,-11.38,-23.38,-33.12,0.0024
TLN,4.15,5.05,4.11,21.5,92.32,0.038
TME,6.95,12.85,32.4,24.11,-7.71,0.0025
TMHC,2.71,4.79,3.12,-9.84,-0.1,0.0106
TMO,-1.57,0.76,-1.97,-5.37,-17.47,0.0901
TMUS,-2.09,0.51,23.1,15.9,38.05,0.0449
TNDM,2.99,-33.26,-42.45,-33.53,-68.72,0.0036
TNL,-0.05,-8.14,-0.72,5.52,8.34,0.0085
TNON,-14.31,-22.86,-44.59,-72.29,-91.51,0.0002
TNXP,85.78,251.5,19.89,80.17,-102.64,0.0053
TOL,2.3,3.31,-10.53,-25.2,-14.35,0.0191
TOST,2.16,0.83,-0.3,23.28,52.17,0.0063
TPG,3.89,-3.38,-16.45,-20.55,22.73,0.0091
TPH,1.98,6.66,-5.82,-18.84,-23.3,0.0056
TPR,4.69,-6.28,13.52,52.15,71.55,0.0131
TREX,5.94,4.07,-3.43,-2.97,-33.92,0.0107
TRGP,2.62,6.87,9.7,25.21,69.02,0.0355
TRIP,2.25,3.54,2.08,-1.0,-25.7,0.0026
TRMB,0.96,5.21,1.9,19.04,24.46,0.0125
TRMD,-2.63,2.71,-6.85,-25.98,-50.47,0.0032
TRNO,-6.59,-0.81,12.0,5.7,7.62,0.0111
TROW,0.14,-5.07,-11.21,-10.98,-22.72,0.0166
TROX,-0.53,-2.64,-15.86,-38.34,-70.12,0.0013
TRP,1.55,14.8,5.64,4.95,22.94,0.0085
TRTX,-2.33,5.77,2.66,5.25,0.48,0.0015
TRU,0.76,-2.09,0.05,-14.36,13.36,0.0152
TRV,-3.78,8.54,9.85,5.13,16.95,0.045
TRVI,-3.77,52.1,61.35,105.83,136.21,0.0011
TS,0.56,9.0,4.74,25.73,15.68,0.0069
TSCO,-0.88,-0.52,1.36,-0.4,-8.56,0.0093
TSLA,15.34,-12.17,-26.96,4.12,50.29,0.0483
TSM,1.56,-1.5,-9.65,-9.62,11.48,0.0314
TSN,-1.99,3.6,12.3,5.26,-0.06,0.0105
TSSI,6.7,-13.87,-11.36,43.05,411.51,0.0018
TSVT,-1.43,92.2,86.93,2.97,6.35,0.0009
TT,0.27,6.7,-4.84,-8.21,3.49,0.062
TTC,-0.0,-3.37,-3.56,-7.8,-13.99,0.0129
TTD,3.4,-16.42,-48.62,-49.63,-46.19,0.0103
TTE,-1.12,7.36,13.39,-0.99,-15.74,0.0109
TTEK,-1.87,1.44,-23.75,-37.82,-37.37,0.0051
TTI,2.19,-11.13,-5.77,16.06,-6.98,0.0006
TTMI,4.2,-1.31,-3.47,20.19,17.59,0.0041
TTWO,1.77,4.31,18.75,32.67,19.65,0.037
TU,-9.94,-8.17,1.75,-12.13,-23.5,0.0024
TUYA,-13.02,-2.31,112.13,120.82,83.44,0.0006
TVTX,0.38,3.89,14.6,22.15,168.57,0.0037
TW,0.14,12.62,10.12,9.61,24.81,0.025
TWI,5.86,6.97,33.43,28.21,4.81,0.0015
TWLO,4.21,-6.35,-1.77,51.5,78.29,0.0184
TWO,-2.49,3.1,24.35,11.54,8.97,0.0024
TWST,4.51,12.68,2.15,11.39,-13.34,0.0078
TXG,-5.07,-4.37,-31.82,-32.23,-60.7,0.0018
TXN,1.44,-3.98,0.05,-8.4,-11.05,0.0322
TXNM,1.23,7.47,18.51,25.87,38.48,0.0094
TXRH,1.06,6.23,-0.47,-4.77,-3.39,0.0305
TXT,-2.08,6.05,0.31,-9.05,-23.55,0.0129
U,4.29,-13.07,1.59,15.96,17.63,0.0039
UA,-4.29,-3.29,-12.15,-21.19,-17.81,0.0011
UAA,-6.38,-4.72,-15.75,-22.71,-14.84,0.0011
UAL,6.89,-14.35,-20.11,8.17,44.27,0.0139
UBER,3.57,3.72,20.42,-0.73,9.53,0.0133
UBS,-3.01,2.08,4.06,3.38,-3.43,0.0057
UBSI,-0.37,4.5,-0.79,-2.21,6.92,0.0061
UCB,-0.4,-3.25,-3.68,7.0,10.76,0.005
UDMY,3.5,-5.37,4.39,11.09,-0.25,0.0015
UDR,-0.65,6.2,11.16,2.75,6.39,0.0077
UE,0.89,-1.36,-2.42,-10.04,1.93,0.0033
UEC,-1.45,2.35,-20.33,-27.76,-24.7,0.001
UGI,-1.33,4.29,20.2,38.6,32.95,0.0057
UGP,-2.59,13.15,16.52,-11.73,-37.0,0.0005
UHS,2.38,3.79,-1.94,-9.55,-10.36,0.0315
UL,-4.27,7.7,6.97,-3.51,-2.22,0.0101
ULCC,-9.43,-22.66,-27.97,-18.65,-4.77,0.001
ULS,1.04,5.69,11.72,2.73,29.23,0.0093
ULTA,0.94,4.23,-9.25,-1.21,-14.97,0.0635
UMC,-0.29,7.91,8.64,-11.69,-21.9,0.0012
UNFI,1.99,-8.92,-2.31,39.06,117.11,0.0048
UNH,1.87,16.0,1.44,-7.07,-5.19,0.0896
UNIT,-2.6,-8.18,-3.72,-6.59,68.08,0.0009
UNM,0.49,15.08,17.43,36.59,53.59,0.0144
UNP,-2.75,1.2,4.56,3.98,-3.95,0.0408
UPS,-3.54,3.29,-4.79,-12.78,-20.22,0.0201
UPST,8.56,-18.18,-4.34,9.71,115.97,0.0096
UPWK,3.39,-8.61,-11.47,12.35,25.63,0.0024
URBN,7.41,2.81,-3.62,53.04,19.52,0.0093
URI,2.62,5.99,-0.64,-19.32,-5.81,0.1122
USB,2.12,-0.45,-7.26,-6.68,7.19,0.0076
USFD,-2.27,-3.94,-1.34,8.65,16.4,0.0114
UTZ,0.08,2.1,-0.63,-15.78,-33.98,0.0024
UUUU,-3.01,-2.32,-18.01,-29.77,-41.55,0.0007
UWMC,-6.83,-5.13,6.03,-9.08,-27.86,0.001
V,1.16,1.89,12.73,23.19,17.93,0.0596
VAL,1.8,1.6,-8.39,-20.55,-52.65,0.0069
VALE,-3.02,3.3,19.49,-7.13,-18.88,0.0017
VCYT,4.55,-12.15,-21.71,1.09,46.75,0.0057
VEEV,-0.75,9.32,12.55,13.33,24.6,0.0414
VERA,-4.91,3.46,-33.1,-33.23,-40.21,0.0047
VERV,-10.17,-14.18,-1.28,-2.48,0.26,0.001
VERX,0.72,-15.39,-30.67,-15.28,-3.26,0.0061
VET,3.45,-2.41,-16.2,-15.83,-34.84,0.0014
VFC,1.78,-28.75,-18.16,3.22,23.29,0.0029
VG,,,,,,N/A
VIAV,3.93,7.31,18.74,29.47,45.87,0.002
VICI,-1.9,5.02,14.94,3.08,8.69,0.0055
VIK,-3.17,-11.97,-1.24,7.59,20.56,0.0072
VIPS,-8.97,18.92,27.43,17.16,-8.39,0.0028
VIR,1.15,-20.37,-39.76,-3.05,-40.95,0.0012
VIRT,6.13,13.13,8.37,27.91,70.18,0.0067
VIST,-6.19,-6.24,-14.41,-10.68,0.12,0.0081
VITL,-2.36,0.6,-17.82,-10.64,-36.02,0.0054
VIV,-5.75,-1.68,13.64,-6.52,-5.99,0.0015
VKTX,-3.47,3.88,-25.34,-61.78,-56.93,0.0051
VLO,-2.38,1.3,8.81,1.94,-22.16,0.0229
VLRS,0.36,-13.18,-26.56,-19.61,-25.79,0.001
VLTO,-1.82,1.8,-1.12,-4.76,-10.9,0.017
VLY,1.99,1.38,5.76,1.89,33.53,0.0016
VMC,0.81,-0.46,-2.91,-5.06,-12.29,0.0418
VMEO,1.12,9.45,-10.07,18.06,38.63,0.001
VNET,-22.63,-28.75,58.62,167.46,301.5,0.0016
VNO,1.73,5.44,1.22,-6.47,57.28,0.0068
VNOM,2.72,1.54,-5.16,-9.72,22.14,0.0079
VNT,1.66,-5.2,-1.76,2.34,-20.24,0.006
VOD,-7.41,11.88,15.7,1.45,-6.85,0.0016
VOYA,0.73,0.8,4.17,-11.72,-15.78,0.012
VRDN,-5.25,0.65,-16.72,-32.23,24.28,0.0027
VRN,4.4,38.55,25.34,7.41,-21.68,0.0012
VRNA,-1.3,5.4,47.09,97.92,442.9,0.0116
VRNS,-1.8,0.06,-3.92,-26.53,-9.29,0.0072
VRNT,-4.38,-6.29,-9.76,0.97,-31.25,0.0038
VRRM,0.48,-14.08,-11.48,-18.46,-26.53,0.0037
VRSK,-3.56,-0.15,4.48,8.85,2.16,0.0495
VRSN,1.24,8.84,18.46,36.06,28.23,0.0425
VRT,3.59,6.58,-24.95,-15.72,-7.13,0.0162
VRTX,-2.02,9.85,26.72,7.82,-1.25,0.0887
VSAT,9.38,26.71,27.02,10.08,-39.06,0.0019
VSCO,4.95,-21.67,-41.91,-23.97,-13.38,0.0037
VSH,-0.28,-1.38,7.32,-0.68,-31.68,0.003
VST,5.4,-1.71,-13.4,9.86,42.95,0.0234
VSTM,-6.47,27.35,19.16,117.05,77.96,0.0012
VSTS,-7.98,-17.31,-34.13,-25.18,-24.66,0.0018
VTEX,-4.42,-17.3,-15.44,-25.81,-35.06,0.0008
VTLE,5.73,-15.53,-29.91,-15.58,-57.32,0.004
VTR,-2.41,4.27,19.6,6.5,30.67,0.0118
VTRS,-1.09,-13.72,-18.72,-16.23,-17.82,0.0016
VVV,-2.27,1.11,5.56,-12.71,-20.05,0.0062
VYX,-3.09,-11.66,-24.21,-20.64,-31.13,0.0018
VZ,-1.84,4.16,16.39,7.83,1.11,0.0076
W,16.31,-4.66,-13.93,-14.01,-41.84,0.0066
WAB,2.21,7.37,1.41,0.98,6.02,0.0327
WAFD,0.06,1.7,-6.82,-12.51,-0.39,0.005
WAL,2.82,-2.78,2.66,-0.45,27.8,0.014
WAY,,,,,,N/A
WB,-8.14,-0.98,14.28,10.62,10.6,0.0018
WBA,-2.61,6.65,23.48,24.77,-35.98,0.0019
WBD,3.05,2.52,11.59,45.04,24.13,0.0019
WBS,2.09,-1.69,-1.38,5.32,20.01,0.0091
WCC,1.46,-1.15,-5.25,-3.02,-10.31,0.0292
WCN,-0.02,5.19,11.05,9.5,6.18,0.0331
WDAY,-1.91,-0.94,0.67,5.83,9.37,0.0433
WDC,-2.61,-6.0,-5.94,-14.89,-29.72,0.0077
WDS,-2.45,3.06,-5.55,-9.11,-25.82,0.0025
WEC,-2.88,4.46,15.16,11.43,23.25,0.0183
WELL,-2.57,3.52,21.54,16.87,36.59,0.026
WEN,-3.2,-0.3,3.45,-19.83,-17.79,0.0026
WERN,-1.93,-4.68,-12.48,-18.3,-26.12,0.0052
WES,-2.56,5.75,7.98,13.3,10.57,0.0072
WEX,-1.93,9.88,-7.31,-11.19,-22.83,0.0273
WFC,3.23,-0.2,6.84,17.04,19.88,0.0129
WFRD,-4.44,-13.31,-22.5,-31.81,-60.06,0.0093
WGO,-3.86,-13.99,-24.77,-33.47,-49.55,0.0061
WGS,7.61,12.23,9.4,76.13,319.17,0.0179
WH,-1.11,-9.54,-3.46,3.75,25.26,0.0161
WHD,1.87,-15.31,-17.68,-17.79,-8.56,0.0082
WHR,-0.13,-0.16,-11.7,-4.33,3.67,0.0166
WING,2.32,-2.15,-17.41,-37.4,-50.03,0.0386
WIT,0.99,-4.61,-8.28,-51.59,-48.69,0.0005
WIX,-2.91,-11.01,-20.5,5.86,-4.09,0.03
WK,-3.2,7.38,-18.9,11.36,6.73,0.0151
WKC,-4.09,-4.31,4.95,8.04,-0.25,0.0049
WLK,-6.31,-2.22,-4.14,-21.28,-41.61,0.0178
WM,-2.48,2.47,12.47,10.87,3.71,0.0392
WMB,3.0,11.12,11.85,19.12,44.83,0.0106
WMG,-3.96,-5.56,13.45,1.6,-1.04,0.0056
WMT,-1.32,-2.74,-1.89,7.26,23.4,0.0152
WNC,-3.92,4.06,-31.4,-37.44,-56.13,0.0019
WNS,-2.59,13.21,43.55,33.91,16.13,0.0109
WOLF,5.03,4.87,11.19,-56.17,-85.41,0.0011
WPC,-3.55,1.5,14.65,9.66,3.5,0.0106
WPM,-3.09,12.41,32.13,13.98,33.26,0.013
WRB,-1.6,6.61,13.03,12.11,13.63,0.0111
WRBY,-2.22,-9.42,-21.43,18.86,9.3,0.0035
WRD,,,,,,N/A
WSBC,-0.5,-3.15,6.52,9.83,18.6,0.0056
WSC,-1.69,-6.9,-7.3,-20.6,-28.98,0.0053
WSM,-4.31,-8.91,-9.69,27.43,12.76,0.0295
WST,-1.44,8.5,-28.58,-23.89,-36.03,0.0402
WT,4.97,1.23,-3.09,-12.34,-16.75,0.0016
WTRG,-5.9,6.63,12.57,0.66,-6.01,0.0066
WTTR,8.94,-8.94,-18.28,-2.36,-2.24,0.0018
WTW,1.08,6.35,9.89,17.13,24.37,0.0585
WU,-3.13,4.41,5.29,-1.12,-21.01,0.0018
WULF,4.81,-8.55,-34.48,-44.91,29.25,0.0006
WVE,-2.61,-0.31,-16.89,-29.61,53.42,0.0017
WWW,4.16,-1.9,-33.8,-7.62,1.1,0.0025
WY,-2.96,2.89,10.09,-5.11,-6.69,0.0051
WYNN,-3.42,-2.25,7.39,-12.22,-16.86,0.0147
X,0.96,12.78,28.25,7.05,-0.56,0.0071
XEL,-3.2,1.71,7.13,9.31,18.32,0.0119
XERS,15.07,59.72,77.25,84.14,144.02,0.001
XHR,-4.17,-5.57,-11.32,-11.53,-18.95,0.0022
XIFR,3.18,6.01,-46.08,-52.78,-78.14,0.0016
XNCR,-1.86,-10.41,-42.18,-38.1,-53.87,0.0022
XOM,0.16,7.68,11.81,-0.72,-3.61,0.0201
XP,-6.29,4.84,35.94,-15.65,-31.38,0.0026
XPEV,-14.54,21.52,78.74,92.88,155.07,0.0037
XPO,-0.51,-5.53,-15.44,-3.72,-0.25,0.0195
XPOF,-12.18,-38.87,-41.46,-33.38,-20.42,0.0014
XPRO,-1.25,-14.75,-19.29,-19.8,-55.66,0.0018
XRAY,-0.28,-13.46,-13.63,-30.95,-50.8,0.0027
XRX,-6.66,-25.87,-36.02,-42.64,-66.44,0.001
XYL,-3.48,-2.19,7.09,-6.13,-20.13,0.0209
XYZ,5.07,-1.46,-25.32,-13.12,-11.6,0.0109
YELP,3.33,7.82,-3.09,10.12,-6.15,0.0064
YETI,-0.42,-3.65,-5.52,-2.92,-27.38,0.006
YEXT,2.1,1.31,0.4,-6.02,21.14,0.0011
YMM,-4.11,15.99,28.28,49.25,42.59,0.0023
YOU,-1.14,15.14,1.64,-23.1,50.32,0.0046
YPF,-1.66,3.03,-17.64,41.71,69.35,0.0063
YUM,-2.46,7.33,25.1,18.94,2.7,0.027
YUMC,-4.44,14.29,21.43,19.45,37.23,0.009
YY,-15.05,-11.56,12.79,25.26,36.95,0.0074
Z,2.19,1.61,6.18,24.17,66.69,0.0128
ZBH,-2.12,8.57,12.1,9.63,-10.28,0.0193
ZETA,6.59,-24.0,-12.71,-40.78,-8.94,0.0027
ZGN,-2.85,-11.2,-5.27,-8.27,-48.75,0.0013
ZI,3.0,18.44,17.74,6.23,-15.82,0.0019
ZIM,1.46,-9.44,-5.76,0.57,3.45,0.0027
ZION,2.34,-0.24,-4.11,1.18,17.56,0.0088
ZIP,0.55,-9.02,-8.03,-32.82,-45.1,0.0011
ZK,-16.36,12.15,-7.01,-10.39,-9.08,0.0044
ZM,2.42,0.03,0.42,8.37,18.09,0.0136
ZS,1.93,10.11,14.61,14.17,15.08,0.0364
ZTO,-5.25,4.46,8.09,-16.84,-21.86,0.0035
ZTS,-2.84,2.31,1.72,-8.17,-13.33,0.0283
ZWS,0.97,2.17,-4.28,-3.34,4.05,0.006
ZYME,2.11,-2.85,-5.1,1.63,46.08,0.0023
